ncbi_id	wt_6_0_1	wt_6_0_2	wt_6_0_3	wt_6_0_4	wt_6_1_2	wt_6_1_3	wt_6_1_4	wt_6_1_1	q96_6_0_1	q96_6_0_2	q96_6_0_3	q96_6_0_4	q96_6_1_1	q96_6_1_2	q96_6_1_3	q96_6_1_4	wt_24_0_1	wt_24_0_2	wt_24_0_3	wt_24_0_4	wt_24_1_1	wt_24_1_2	wt_24_1_3	wt_24_1_4	q96_24_0_1	q96_24_0_2	q96_24_0_3	q96_24_0_4	q96_24_1_1	q96_24_1_2	q96_24_1_3	q96_24_1_4
751626	356.0	668.0	400.0	351.0	421.0	697.0	330.0	393.0	293.0	266.0	338.0	248.0	601.0	337.0	399.0	439.0	611.0	507.0	571.0	479.0	488.0	447.0	499.0	388.0	449.0	389.0	414.0	407.0	222.0	380.0	371.0	345.0
554156	212.0	313.0	211.0	274.0	268.0	428.0	304.0	244.0	250.0	210.0	281.0	195.0	350.0	285.0	289.0	263.0	349.0	322.0	341.0	340.0	287.0	241.0	235.0	211.0	348.0	282.0	305.0	302.0	300.0	296.0	281.0	267.0
436626	997.0	1695.0	1003.0	1007.0	1086.0	1723.0	1523.0	1190.0	846.0	685.0	912.0	682.0	1488.0	1081.0	1152.0	1278.0	1476.0	1264.0	1216.0	1111.0	1091.0	1215.0	1054.0	995.0	1149.0	869.0	1214.0	1217.0	1073.0	924.0	987.0	887.0
406324	1598.0	2846.0	1770.0	1719.0	1920.0	3327.0	2074.0	2123.0	1321.0	1234.0	1488.0	1387.0	3197.0	1890.0	2295.0	2467.0	2458.0	2558.0	2109.0	2041.0	2096.0	2409.0	2419.0	2119.0	2116.0	1992.0	2208.0	2099.0	1967.0	2014.0	1757.0	1776.0
678549	381.0	618.0	439.0	388.0	453.0	721.0	340.0	456.0	312.0	282.0	351.0	284.0	605.0	403.0	457.0	469.0	545.0	490.0	528.0	534.0	521.0	480.0	498.0	488.0	490.0	376.0	466.0	447.0	278.0	425.0	347.0	331.0
555349	796.0	1520.0	956.0	825.0	801.0	1372.0	955.0	924.0	660.0	609.0	881.0	637.0	1430.0	911.0	967.0	972.0	1141.0	1279.0	1202.0	1099.0	1044.0	1077.0	1014.0	861.0	1060.0	805.0	1096.0	871.0	695.0	873.0	849.0	739.0
406359	2311.9164005708803	3704.20986857351	2338.8336209938802	2335.55613500814	2487.16917469323	4118.86648431658	2752.32304943883	2785.96960499092	1881.0	1774.7877040024102	2122.2815698864	1900.38226187493	3926.91372372845	2542.34314526748	2694.66101441893	3068.26075730459	3401.0	3203.45381999581	3150.4516088132	3032.39222930274	3397.42390141955	3139.48406125805	2957.8897151707697	2665.75307297967	2747.18410729452	2192.32436431218	2911.73310067149	2568.58066349548	2432.06186926292	2798.4300681939003	2388.29071844336	2058.15919473649
393581	826.3168522474609	1541.44284697263	1009.41318733945	877.7318458710361	852.87364753267	1500.62852770193	1031.53493929245	992.052698626321	763.163180771734	651.200491279337	905.26359097369	650.555846937586	1429.25389065392	975.96065976464	1085.0227858717699	1153.67711096752	1453.71351069664	1496.4755683797598	1439.46431395525	1494.6629133401098	1117.59034884527	1146.38641512447	1237.84175883814	1110.46290903614	1257.4836684582401	1085.6087236431301	1274.52973367694	1100.4060561308502	1094.27696608351	1051.61244236954	1138.77741051062	1019.60856100675
325690	14082.0	23922.0	15804.0	13213.0	16104.0	27089.0	13567.0	16867.0	11667.0	9636.0	13471.0	10052.0	26100.0	14961.0	17758.0	17887.0	21145.0	21481.0	21148.0	19375.0	19596.0	18585.0	18840.0	17306.0	18272.0	15446.0	16646.0	15230.0	11247.0	16016.0	13808.0	12958.0
81541	2190.0	3415.0	2241.0	1863.0	2636.0	3663.0	1912.0	2791.0	1468.0	1553.0	1729.0	1535.0	3017.0	1706.0	1857.0	2133.0	2999.0	3171.0	2640.0	2148.0	2730.0	2744.0	2539.0	2032.0	2014.0	1749.0	2139.0	1866.0	1718.0	1963.0	1640.0	1452.0
335985	1406.0	2299.0	1379.0	1388.0	1597.0	2379.0	1557.0	1537.0	1114.0	1060.0	1273.0	1001.0	2452.0	1522.0	1754.0	1836.0	1962.0	2121.0	2036.0	1705.0	1835.0	1747.0	1851.0	1469.0	1666.0	1421.0	1581.0	1373.0	1288.0	1286.0	1281.0	1314.0
494050	6401.126625582571	12082.329566865401	7130.18949702833	9355.81322767666	7494.509260418001	14417.9332448908	8726.48774468205	8678.45384614637	7899.519176850409	7178.05373889984	9478.703488086701	6686.7856507738	12935.7418833668	9560.6222405788	9990.46963341458	10364.9309622877	13349.2629924044	13142.799789091101	12050.117354985701	14419.986507148602	10815.2131416659	11573.669393866001	12201.7899629027	11548.754552448201	13238.6594376417	10562.911812058299	12690.567982785	11005.636038049199	10049.3863248439	10341.4425681506	11231.185516688998	10062.4090635122
406831	513.574070666717	963.952281813176	569.636079241551	772.273620060645	744.4255563874719	1242.1593313875098	769.1226829194161	780.8707588401961	668.0460286080901	677.607948304282	732.273925180659	535.775871574302	1112.5422046593499	687.004920129739	886.47173291511	727.726458684126	1303.8889071093301	1291.3258787877699	1152.5403468878098	1377.4266325433898	1095.55094583152	1117.66772125117	1239.99402637091	1135.38503947071	1284.4646421858301	1151.37757547358	1119.5201472738302	1172.40768619065	1017.4835516141198	1039.36469691264	1107.94822257154	1009.3033960021801
394015	32.0	41.0	66.0	52.0	77.0	88.0	94.0	69.0	55.0	65.0	92.0	33.0	134.0	40.0	61.0	70.0	168.0	183.0	156.0	134.0	109.0	98.0	90.0	87.0	128.0	138.0	155.0	107.0	137.0	81.0	90.0	98.0
550383	954.0	1606.0	1062.0	963.0	1099.0	1796.0	1119.0	1180.0	798.0	780.0	923.0	751.0	1718.0	1045.0	1095.0	1253.0	1489.0	1412.0	1456.0	1302.0	1412.0	1321.0	1360.0	1293.0	1262.0	1070.0	1292.0	1192.0	1137.0	1204.0	1051.0	981.0
386632	95.3733317666071	167.02641666372	99.07898170424579	136.223533225898	131.455173250217	208.23463819121798	203.158196446845	119.594134027234	115.19131481059799	117.416627650601	163.11514408892901	91.1492090343995	173.0	122.457063228729	142.0	140.245358446569	210.14788197599998	210.567454083562	164.771406983525	180.0	167.138589946365	170.158102808429	208.321207148768	149.227779840743	198.380850514744	173.296155574467	171.755829270541	182.610727005473	180.08196412066002	134.314485063736	154.113741969724	122.416229964182
445310	709.0	1141.0	743.0	663.0	827.0	1230.0	897.0	918.0	548.0	522.0	632.0	508.0	1189.0	738.0	871.0	904.0	1068.0	947.0	1031.0	940.0	975.0	949.0	900.0	744.0	855.0	863.0	924.0	786.0	725.0	724.0	713.0	638.0
368262	1669.52367027666	2808.6603324408698	1838.36121474298	1811.72314121673	1712.5711079558403	2963.2752946190003	1891.03430810222	1831.7819366082501	1388.5410483213	1317.96106889706	1667.06352075606	1359.86361242845	2672.0353709623	1775.09930389245	1934.0648812517102	1932.59575488742	2363.0544860942	2173.5826150892103	2186.63434554234	2149.33826295795	2077.4626133535503	2068.83361622262	2100.45466551148	1783.6746291601899	1871.57777724125	1482.74219732715	1947.7195842417498	1879.58224721238	1392.08077901681	1871.50526638565	1562.67449751034	1396.74230349463
406517	1324.0	2488.0	1559.0	1321.0	1657.0	2669.0	1852.0	1700.0	1126.0	1157.0	1419.0	1042.0	2453.0	1494.0	1740.0	1774.0	1957.0	2105.0	1891.0	1671.0	1811.0	1882.0	1905.0	1471.0	1730.0	1451.0	1684.0	1510.0	1648.0	1506.0	1524.0	1384.0
557566	90.9956606952732	111.726469667274	83.2681307759425	135.091652212403	167.051012966296	172.004205960387	256.262917579917	104.903275213759	170.58639758051902	141.818666170938	170.923231166735	99.34545791682551	175.900547596048	143.624526181098	132.96074246851998	141.971343996166	227.647102912776	229.161743075737	131.391660624198	156.189743862977	214.036758758135	177.09945423573	213.506116569677	234.668028415786	162.980000930371	224.728285977648	267.93884846253997	277.045875322634	280.802709825021	206.73933713031502	133.28859401426598	139.497142646398
436930	815.9899829701379	1238.72805134756	890.766977935638	704.5563456406791	871.395584287332	1424.29895236761	793.411206336228	890.226306241825	585.6282594268	575.601470103779	687.084223320369	558.911047724347	1231.8961141834402	796.213236845502	883.1183129289461	833.161757777052	1096.25695731429	1187.40896893041	1096.05999124942	825.594258850614	1014.0341210482599	1090.47104338961	1041.72761375447	844.422419001039	888.859241217988	725.8489987857021	927.8461243596	806.63089078916	495.847789505708	777.0401625072211	639.5140699734279	522.686890530161
553691	8287.0	14313.0	8892.0	8911.0	8325.0	14118.0	9654.0	8634.98305828313	6902.0	6662.0	8899.0	6800.0	14106.9814620097	9817.0	10825.0	10448.0	12462.0	12465.9795906429	11318.0	11811.0	11535.0	10079.8714704963	11160.0	9821.0	9807.0	8630.0	11840.0	9602.97422849384	7703.9822411674095	9634.0	9076.0	7410.0
373881	1042.0	1959.67857635005	1192.0	1159.32985012637	1126.0	1925.0	1230.78688063747	1145.39942257792	966.125884987746	914.216688824055	1097.18238589783	940.2443234652491	1823.25557653062	1248.15611495363	1286.13174862454	1287.2032640466198	1701.29986122475	1572.0	1452.0	1618.0	1404.20214570477	1305.39812388844	1337.1565418366301	1336.0	1449.19553545166	1134.0	1472.0	1305.0	1152.31690997304	1183.0	1166.1882021732902	981.0
58026	437.0	829.0	513.0	485.0	532.0	833.0	459.0	476.0	387.0	312.0	457.0	347.0	734.0	426.0	514.975140930531	489.0	721.0	628.0	590.0	604.0	533.0	479.0	591.493328490693	466.0	581.0	461.48754374409003	481.461724909071	481.0	295.400464938919	460.0	446.467858852631	378.91210690852097
322927	104.0	154.0	98.0	90.0	141.0	197.0	124.0	157.0	60.0	81.0	87.0	74.0	190.0	105.0	121.0	123.0	131.0	127.0	134.0	111.0	110.0	106.0	120.0	99.0	119.0	104.0	129.0	101.0	105.0	123.0	131.0	94.0
560338	144.0	298.0	173.0	139.0	147.0	249.0	178.0	149.0	110.0	101.0	145.0	92.0	250.0	157.0	209.0	185.0	207.0	222.0	186.0	166.0	150.0	237.0	222.0	151.0	174.0	155.0	135.0	164.0	118.0	151.0	150.0	146.0
791158	63.0	136.0	69.0	59.0	71.0	88.0	52.0	65.0	35.0	49.0	57.0	28.0	86.0	49.0	62.0	66.0	90.0	118.0	96.0	81.0	61.0	77.0	98.0	62.0	91.0	68.0	89.0	55.0	40.0	64.0	62.0	66.0
569735	285.0	462.0	335.0	264.0	301.0	595.0	218.0	309.0	194.0	203.0	256.0	205.0	460.0	332.0	366.0	402.0	401.0	391.0	399.0	436.0	386.0	391.0	480.0	372.0	317.0	221.0	318.0	294.0	229.0	346.0	311.0	227.0
550494	297.175401687844	585.937166859289	371.930589903927	362.744706987659	426.440492442452	606.655187756114	406.961477569615	388.27089879747706	278.235735568617	264.363733936017	283.982043882435	229.191177555327	518.19243570659	307.302622678908	394.49067776013703	410.009817845016	498.983580624979	497.329052267747	425.703159336924	401.33691943297094	403.32138334237396	474.60175527367005	456.41298415432	331.098302222918	420.301565818656	393.13454054414	354.78035973438597	383.946335476479	322.12542819291	303.927962973376	293.150519443142	277.88082591896097
678522	748.0	1311.0	863.0	705.0	814.0	1376.0	990.0	943.0	620.0	596.0	788.0	595.0	1265.0	872.0	913.0	915.0	1200.0	1057.0	929.0	908.0	958.0	813.0	951.0	701.0	872.0	727.0	939.0	781.0	747.0	788.0	746.0	676.0
562166	1851.0	3141.9733499310496	2137.3250398906	2017.61749488879	1919.3018590104	3195.47060306247	1815.83171972564	1858.6260359637	1645.0	1435.0	1845.78391432614	1418.20472948028	3224.6248766643603	2170.61665038413	2344.0	2533.14422929636	2799.0	2765.35994993724	2533.42743172298	2508.6271622877102	2414.47217601616	2209.0	2491.0	2069.86884417085	2223.63448268282	1768.7991191611102	2393.24519033624	1991.2443861752802	1297.5180270157598	1825.59582462626	2005.1652851047102	1635.84789377475
394005	124.0	225.0	147.0	193.0	130.0	250.0	169.0	142.0	182.0	173.0	188.0	128.0	241.0	185.0	221.0	204.0	246.0	215.0	195.0	175.0	170.0	215.0	256.0	166.0	226.0	172.0	204.0	176.0	141.0	163.0	222.0	153.0
393122	245.0	504.0	318.0	278.0	315.0	551.0	360.0	322.0	224.0	199.0	254.0	200.0	535.0	270.0	303.0	304.0	451.0	440.0	427.0	390.0	374.0	370.0	375.0	273.0	376.0	262.0	342.0	299.0	222.0	287.0	246.0	269.0
406619	7355.0	12600.0	7888.0	7393.0	6913.0	11842.0	7871.0	7122.0	6351.0	6148.0	7908.0	6215.0	11819.0	8021.0	8748.0	8931.0	10673.0	11316.0	10543.0	10817.0	9899.0	9438.0	9942.0	8557.0	9025.0	7391.0	9705.0	8494.0	7059.0	8241.0	7685.0	6812.0
550478	4322.86663462205	7632.3845082795915	4705.16292752111	4713.184427073	4392.786553296911	8166.35992986927	5575.318202225079	5042.36591931302	3800.9522604635204	3636.3613845816703	4520.89094800353	3597.8832840293394	7900.01738990542	5335.27480880106	5860.66669573654	5772.453802321	6850.27125125772	6381.5994098477895	6716.68627895411	6323.373266726469	5913.52903077393	5480.44899529708	5752.353546249301	5130.68101637137	6096.31116843584	5102.136578935751	5607.09271908967	5616.321313270871	4013.753817833	4990.1331197483205	4595.32699525249	4316.736925012279
492511	398.0	681.0	424.0	346.0	358.0	572.0	596.0	406.0	299.0	255.0	290.0	251.0	478.0	407.0	521.0	472.0	717.0	748.0	500.0	537.0	546.0	464.0	677.0	538.0	670.0	541.0	597.0	548.0	599.0	463.0	451.0	442.0
567500	2162.24704821134	3715.95510908948	2426.6871955819	2216.3485749713	2161.91765850635	3502.84815203495	2333.0180944426897	2271.45473791917	1997.9957732440198	1694.50571116455	2236.88176917843	1749.5272229525199	3822.27529708567	2603.31551572986	2834.6935598404602	2907.8599105583803	2894.94195463355	3123.14196183459	2993.16026237761	2980.11719497114	2711.57344254522	2577.3860380408	2757.30356457299	2519.1334033007897	2766.5856014514598	2176.90450756291	2672.2022173004802	2294.98356985638	1957.0545212714499	2279.97422670733	2408.00188288482	2001.76467267154
100333839	18.0	53.0	23.0	45.0	35.0	73.0	37.0	47.0	33.0	42.0	50.0	42.0	59.0	38.0	37.0	36.0	48.0	54.0	39.0	48.0	38.0	39.0	47.0	46.0	45.0	48.0	57.0	52.0	23.0	33.0	46.0	32.0
565972	214.000504155443	391.707817521552	236.54881137197103	317.72650598123	263.81791952182897	447.845253002361	437.34180729494597	249.278286468663	280.467196180003	248.79073591398998	301.876763268051	246.468558617878	388.664548735484	335.877357539385	328.001205086028	326.277850641175	329.471043772849	299.073713305238	264.510436683942	302.565813514698	301.035939486019	272.34405436163996	301.829383296117	293.125207181331	383.079876485227	351.926524555411	303.410943983622	298.785089295082	335.28306107639304	259.547562344655	296.663985062667	271.320938668584
436818	270.0	513.0	322.0	237.0	311.0	464.0	245.0	314.0	195.0	217.0	276.0	187.0	475.0	255.0	307.0	316.0	419.0	385.0	384.0	335.0	379.0	313.0	376.0	265.0	265.0	250.0	312.0	277.0	200.0	222.0	251.0	229.0
407076	274.0	463.0	310.0	290.0	301.0	457.0	362.0	268.0	216.0	202.0	258.0	215.0	418.0	259.0	326.0	323.0	424.0	400.0	402.0	368.0	313.0	286.0	322.0	287.0	374.0	292.0	364.0	335.0	216.0	299.0	311.0	261.0
286741	743.0	1232.0	797.0	804.0	865.0	1383.0	845.0	1003.0	582.0	561.0	672.0	548.0	1127.0	684.0	816.0	830.0	1180.0	1210.0	1123.0	874.0	1013.0	1074.0	1086.0	866.0	949.0	784.0	940.0	911.0	726.0	800.0	760.0	617.0
794026	1752.70539301892	3146.69094027681	2104.22477155662	2774.7694081018	2352.75447745335	3414.6651264905604	3091.3797450497805	2356.11482174242	2123.26136043971	1898.49620154578	2605.67632478694	1840.8854221743	4018.83163467671	3072.96340474209	3102.72992860334	3078.94193133858	3081.71038042525	3398.65741670211	2815.05321390622	3351.6365561645503	2497.59624821026	2600.27618618241	2612.62559497746	2932.83536020377	3328.4259147326197	2831.61292125577	3342.8552184111604	3071.9179713346803	2842.4960869405104	2641.85483946334	2650.9061542639997	2399.17337813543
445500	596.0	990.0	629.0	702.0	746.0	1122.0	751.0	813.0	484.0	412.0	570.0	463.0	996.0	675.0	689.0	796.0	983.0	919.0	861.0	777.0	749.0	769.0	811.0	681.0	822.0	705.0	745.0	757.0	572.0	620.0	606.0	556.0
322089	251.0	508.0	314.0	351.0	418.0	679.0	570.0	414.0	324.0	316.0	444.0	245.0	687.0	431.0	528.0	574.0	521.0	495.0	461.0	510.0	439.0	448.0	459.0	400.0	559.0	481.0	520.0	429.0	537.0	397.0	424.0	497.0
613246	492.88387454609597	806.769565336998	510.077207336741	482.640099839161	427.762174158292	723.34719216727	385.002601384896	481.604408387812	351.10684573405405	377.629908769503	454.681547499019	332.41408484937404	672.748328865391	402.119218068992	484.424682827407	562.653198636429	601.093440327817	711.6582407403729	584.855643059431	636.983846693286	534.2349945208081	489.02881508703797	493.74284325730105	454.589908831939	530.7500175879441	430.422604348968	514.1281115932541	463.665064338597	315.44134264804404	466.26762281794004	442.618318855754	364.47243409034303
321724	4110.0	6539.0	4316.0	4153.0	4301.0	7102.0	4953.0	4593.0	3468.0	3384.0	4013.0	3302.0	6702.0	4531.0	4838.0	5280.0	5734.0	5830.0	5474.0	5295.0	5088.0	4786.0	5113.0	4485.0	5208.0	4422.0	5359.0	4718.0	3822.0	4357.0	4227.0	3906.0
566430	246.58002210379902	414.235839047696	240.764163129077	480.932699231361	587.4672753069809	820.221887423943	394.989256431376	577.943379052006	365.998960290522	257.391473562097	432.810654890778	253.517975132004	822.630186766969	755.8962278622411	652.9612532536499	715.5918742709649	547.596503846401	519.668504356151	494.994913203661	697.1105879159101	591.741778653507	532.796546774704	578.160766177719	768.9088957778979	727.799302945268	557.696219816997	713.842769579361	529.248515994557	689.94267617885	694.4817039969561	572.456100884727	636.845474033169
449548	4506.0	7713.0	4941.0	4731.0	4964.0	7956.0	4848.0	5173.0	3799.0	3643.0	4555.0	3539.0	8083.0	4944.0	5632.0	5716.0	6303.0	7002.0	6083.0	5805.0	5914.0	5909.0	5795.0	4836.0	5511.0	4478.0	5995.0	4805.0	3722.0	4880.0	4479.0	3981.0
30187	1807.0	3137.0	2012.0	1984.0	1973.0	3351.0	2042.0	2167.0	1521.0	1446.0	1959.0	1446.0	3349.0	2052.0	2367.0	2334.0	2810.0	2753.0	2769.0	2547.0	2561.0	2424.0	2583.0	2093.0	2575.0	2154.0	2496.0	2199.0	1798.0	2191.0	2113.0	1915.0
561469	951.0	1670.0	1045.0	917.0	901.0	1488.0	833.0	981.0	759.0	684.0	941.0	649.0	1487.0	1063.0	1105.0	1059.0	1211.0	1188.0	1058.0	953.0	1071.0	1069.0	1015.0	874.0	905.0	809.0	897.0	915.0	765.0	809.0	819.0	683.0
336713	1514.0	2729.0	1734.0	1765.0	2533.0	3525.0	2300.0	2346.0	1235.0	1195.0	1457.0	1094.0	2973.0	1787.0	1861.0	2030.0	2673.0	2597.0	2156.0	1740.0	1976.0	2423.0	2374.0	1514.0	1833.0	1600.0	1695.0	1768.0	1600.0	1599.0	1624.0	1537.0
569530	359.0	728.0	444.0	484.0	593.854078039198	903.0	810.0	579.0	503.0	513.0	617.0	412.0	854.0	640.8793905949	677.8617375396	646.0	629.0	657.0	537.0	775.0	515.0	515.0	618.0	564.0	838.0	722.8839159306509	654.0	796.0	546.0	609.0	510.0	538.0
170784	1739.0	3030.0	1983.0	1887.0	1779.0	3139.0	1834.0	1761.0	1543.0	1402.0	1812.0	1346.0	3043.0	2124.0	2243.0	2245.0	2441.0	2600.0	2396.0	2414.0	2270.0	2093.0	2204.0	1972.0	2145.0	1643.0	2199.0	1943.0	1566.0	1903.0	1829.0	1625.0
100334749	142.0	239.0	176.0	297.0	145.0	275.0	200.0	188.0	384.0	199.0	325.0	194.0	662.0	480.0	353.0	458.0	380.0	241.0	350.0	398.0	346.0	435.0	326.0	207.0	381.0	524.0	408.0	415.0	305.0	433.0	298.0	375.0
449846	335.0	627.0	406.0	327.0	485.0	706.0	427.0	512.0	311.0	263.0	299.0	243.0	629.0	358.0	407.0	426.0	524.0	573.0	450.0	377.0	461.0	476.0	513.0	401.0	415.0	348.0	410.0	354.0	388.0	323.0	322.0	331.0
436692	608.0	948.0	693.0	606.0	553.0	1013.0	600.0	594.0	503.0	447.0	556.0	451.0	985.0	630.0	663.0	681.0	639.0	666.0	710.0	580.0	686.0	670.0	684.0	589.0	561.0	533.0	643.0	582.0	502.0	620.0	556.0	473.0
556136	1147.0	2032.0	1285.0	1637.0	1387.0	2212.0	1763.0	1472.0	1380.0	1217.0	1388.0	1139.0	2429.0	1629.0	2040.0	1743.0	2158.0	2086.0	1937.0	2283.0	1878.0	1857.0	2070.0	1684.0	1969.0	1701.0	1975.0	1818.0	1572.0	1665.0	1685.0	1451.0
541391	1042.0	1902.0	1267.0	1005.0	1194.0	2012.0	880.0	1229.0	806.0	784.0	1062.0	671.0	1870.0	1274.0	1324.0	1340.0	1545.0	1741.0	1592.0	1464.0	1363.0	1317.0	1469.0	1102.0	1152.0	1021.0	1319.0	1062.0	595.0	1068.0	1023.0	901.0
550227	412.0	779.0	465.0	466.0	567.0	863.0	556.0	581.0	354.0	306.0	416.0	373.0	780.0	499.0	607.0	553.0	685.0	685.0	643.0	525.0	557.0	589.0	588.0	441.0	581.0	471.0	566.0	517.0	468.0	492.0	488.0	407.0
436948	110.72964636818199	149.591801218712	79.8638892740833	174.06803834612302	114.038171361388	222.291059266075	323.519367795204	127.072718527947	150.473284293089	161.22157667851602	178.56018989991	155.892731226371	241.945127839781	231.16264341755902	201.534883178684	216.91549940542998	186.550266148172	139.97867470038202	139.805330927879	245.891615682752	154.33617470777202	156.557027375068	170.626225460047	191.04819280993698	207.857015786287	199.608429895141	297.730566460589	180.7720970934	220.034279170518	125.808449224209	167.982282138043	172.21563446599203
555922	446.0	757.0	456.0	566.0	438.0	794.0	659.0	493.0	437.0	445.0	575.0	397.0	880.0	600.0	641.0	689.0	751.0	764.0	692.0	775.0	647.0	622.0	622.0	745.0	730.0	587.0	730.0	712.0	582.0	639.0	595.0	525.0
565314	95.0	169.0	104.0	88.0	125.0	142.0	81.0029696241502	76.0	65.0	53.0	87.0	61.0	145.0	82.0	110.0	98.0	140.0	143.0	116.0	124.0	138.0	138.0	125.0	110.0	111.0	89.0	93.0	95.0	70.02821285399321	94.0001477827532	102.0	77.0
30692	128.332792209271	225.614448855026	166.65006818239402	200.480147332516	196.090784050657	282.796140950645	226.557615321539	149.615869634532	170.918978669061	168.98756732445102	193.86793157477902	164.5329193201	327.691842320654	207.065752379022	211.9430525577	224.689151451904	237.28003147373502	192.140410033214	193.829347754244	248.258050873704	195.240171436858	184.151262542836	182.155181403983	194.41307233014302	192.833281866868	165.149300749014	222.143340805955	194.43564247710898	157.437202457264	167.56589013011802	183.53406736778	147.607240614917
503603	106.612553951355	186.226632837868	122.691879204111	98.1952369411376	120.846724585945	162.05599504914	90.617236123732	114.899904363731	77.7533600364518	55.770898805019996	75.5342816881824	67.48030624908479	169.461121955897	82.84968974375	112.31271169456998	107.623445443997	108.67733685476401	177.447895819255	135.705698398245	125.594399070497	120.735786322298	139.948371268949	156.947946109301	120.965620587929	148.605256374074	114.206051822418	138.858386485227	94.9596312416963	79.6766830842433	115.294685692874	132.830220657833	110.831916717924
791215	511.94329751631403	856.644122852219	544.0	663.0	738.0	1109.8632567041802	970.0	804.874088328325	587.0	571.0	753.0	510.434671892256	1062.0	765.968813534736	841.681234769021	771.852561552657	892.7376370436219	760.0	686.656307368376	847.432754207087	781.8624080110001	777.896445900742	797.0	767.0	971.320855872137	918.559432342209	840.669112129599	993.852849520995	851.8100725017931	785.86364823658	644.709130255633	731.769286157549
565795	358.0	787.0	480.0	441.0	347.0	668.0	363.0	361.0	304.0	286.0	386.0	307.0	760.0	395.0	531.0	523.0	572.0	609.0	619.0	579.0	473.0	520.0	442.0	430.0	496.0	468.0	466.0	466.0	330.0	494.0	370.0	356.0
335905	1178.0	1975.2119077623397	1288.14477367567	1251.5682858463001	1161.5943703688301	2107.94280662194	1447.55082888352	1322.6408317682499	1095.9899622149	1060.00852299062	1337.59758286591	974.039526836568	1983.94251639112	1426.88203828545	1505.32790064876	1493.50367489734	1583.91057505259	1650.8264361561999	1471.43544163936	1640.93267127154	1366.52465867573	1405.35620791163	1384.5768929122598	1370.0410677594698	1587.4021565726	1316.23859149855	1478.70830670232	1491.4758459075101	1150.97435571396	1445.0192032622	1407.0	1221.3346607261099
792104	321.0	606.0	462.0	271.0	362.0	645.0	294.0	424.0	227.0	229.0	231.0	238.0	637.0	301.0	445.0	538.0	352.0	448.0	390.0	320.0	352.0	468.0	478.0	328.0	262.0	284.0	287.0	160.0	255.0	244.0	388.0	257.0
393409	498.961825376119	1011.54553343379	576.8767915729741	558.945479689653	620.822118814961	986.035819479006	598.617976661255	687.320240649303	423.52001401129206	414.529365278836	561.978184533624	391.308572140065	950.3765294265421	544.052167441311	660.7378833824	683.470811690431	810.341990836153	769.111298101768	707.146788677877	760.084790384639	706.6509291299029	661.760303544952	665.796806008044	603.995401060618	718.5619124698391	561.070459260129	651.337917801597	575.809022992963	477.163132455125	618.5978435043979	596.270297250584	501.57205767549897
572527	189.247943289669	373.22956214201	225.422074280065	514.643451894745	616.274706108135	630.248608974891	309.72370523768103	515.899310103509	325.00337311425204	234.779925712453	368.84342951979204	265.653045072918	489.802106130449	456.99124802351304	444.72738805661794	408.497935487319	410.79634140624296	448.816759750778	457.26942877900996	512.839862168597	408.120247760702	410.72097640202696	451.96169537469495	467.526175860026	568.899527019609	428.04356053428	501.91150185864996	406.431213604412	494.293650584365	459.450317300406	561.5563469076731	436.469295233488
569538	611.824933699983	1143.60587522708	775.548965698665	701.734855416158	659.865326264641	1112.3610689841498	700.8079498242731	672.060008995782	563.083653362743	491.965918984124	613.8384882415339	495.14547411544197	1010.8888614518199	775.321319930358	809.815779638745	776.361834293996	896.751452759294	883.359490851003	882.9455371116679	905.117631367559	851.522846136927	788.867386121559	869.844146877766	784.106592869339	802.054555167595	759.527453994714	846.078762099998	769.876219533756	596.923443599513	759.904197269165	677.249655090328	564.274561737755
394076	1477.0	2920.4923233500704	1830.0	1841.0	2244.0	3220.0	2323.0	2144.0	1348.0	1058.0	1503.0	1129.0	2769.0	1857.0	2037.0	2061.0	2391.0	2662.0	2059.0	1919.0	1992.0	2533.0	2118.0	1857.0	1831.0	1648.0	1934.4206939199698	1864.0	1715.0	1763.0	1619.0	1666.0
751647	127.07936045237699	265.22222519790296	172.090733258552	186.23322974136397	179.081210659882	344.27191783105303	198.002917125606	187.136853927001	183.381728037524	187.101303094608	258.26652626053396	128.056204597746	252.354337015598	176.00235039289902	196.205934174513	166.045240691544	269.53006395846296	335.006876008995	206.00960696393298	232.004847110247	135.323307885002	207.663105940253	191.134017881582	157.25301928127502	213.207429512757	204.28787133926102	231.437050916991	258.074468724923	167.362624564071	157.003358302017	174.154071799093	159.366785650309
321460	944.085198594245	1813.43090560342	1090.0	958.0527204242	1125.0	1820.3783202447303	1465.0	1138.12268824705	919.1198872309731	754.0	936.0868088909959	714.0	1661.16178612309	1148.09548671769	1422.20696907202	1352.0	1558.3035875019	1425.19906778507	1288.0	1343.19436889131	1296.19689475759	1245.0	1370.2454694952498	1186.10598481685	1269.0	1072.0	1225.0	1186.0	995.0	1163.1118125577	1136.0	1000.0
393508	889.0	1553.0	985.0	872.0	954.0	1577.0	989.0	1028.0	787.0	729.0	829.0	637.0	1504.0	935.0	1050.0	1125.0	1302.0	1332.0	1273.0	1066.0	1201.0	1141.0	1146.0	988.0	1027.0	936.0	1037.0	1033.0	695.0	895.0	798.0	732.0
402997	446.0	686.0	490.0	397.0	394.0	661.0	368.0	370.0	321.0	310.0	391.0	314.0	679.0	381.0	490.0	471.0	501.0	573.0	582.0	549.0	509.0	515.0	504.0	440.0	442.0	365.0	507.0	360.0	319.0	404.0	378.0	276.0
394087	3044.0	5358.0	3640.0	3502.0	3914.0	6315.0	4087.0	4195.0	2781.0	2371.0	3359.0	2448.0	5950.0	3973.0	4163.0	4478.0	5319.0	4969.0	4718.0	4535.0	4845.0	4600.0	4560.0	3970.0	4601.0	3777.0	3952.0	4253.0	3238.0	3656.0	3480.0	3348.0
563878	265.0	485.0	349.0	182.0	299.0	515.0	308.0	304.0	151.0	191.0	282.0	172.0	265.0	161.0	215.0	248.0	282.0	232.0	273.0	225.0	237.0	234.0	201.0	188.0	192.0	173.0	240.0	185.0	144.0	233.0	174.0	160.0
327299	350.0	606.0	402.0	455.0	489.0	711.0	639.0	478.0	412.0	382.0	497.0	356.0	801.0	573.0	570.0	623.0	574.0	547.0	538.0	562.0	512.0	495.0	473.0	498.0	616.0	492.0	553.0	563.0	554.0	540.0	483.0	454.0
406399	174.0	411.0	242.0	211.0	266.0	400.0	232.0	248.0	139.0	164.0	175.0	155.0	405.0	232.0	299.0	321.0	338.0	297.0	328.0	258.0	311.0	312.0	332.0	260.0	262.0	238.0	275.0	241.0	220.0	239.0	228.0	181.0
406301	2093.0	3549.0	2300.0	1767.0	2454.0	3723.0	1811.0	2682.0	1374.0	1355.0	1714.0	1425.0	3250.0	1711.0	2053.0	2244.0	3010.0	3133.0	2861.0	2156.0	2927.0	2750.0	2611.0	2064.0	2040.0	1777.0	2159.0	1727.0	1443.0	1995.0	1654.0	1433.0
565228	662.0	1120.0	654.0	569.0	560.0	886.0	591.0	592.0	543.0	501.0	633.0	473.0	903.0	642.0	713.0	736.0	1117.0	905.0	987.0	990.0	866.0	846.0	871.0	795.0	882.0	693.0	940.0	779.0	596.0	789.0	638.0	564.0
557574	345.0	573.0	360.0	306.0	396.0	521.0	299.0	423.0	264.0	254.0	290.0	261.0	513.0	287.0	362.0	421.0	560.0	535.0	533.0	448.0	424.0	399.0	434.0	390.0	427.0	319.0	399.0	387.0	290.0	381.0	347.0	287.0
548340	344.0	528.0	311.0	262.0	305.0	491.0	337.0	328.0	261.0	246.0	259.0	262.0	414.0	272.0	314.0	328.0	385.0	393.0	369.0	361.0	365.0	377.0	314.0	285.0	339.0	295.0	352.0	306.0	281.0	285.0	267.0	241.0
791182	1316.0	2229.0	1395.0	1291.0	1324.0	2184.0	1223.0	1409.0	1074.0	984.0	1210.0	929.0	2010.0	1257.0	1533.0	1556.0	1535.0	1914.0	1675.0	1655.0	1567.0	1430.0	1516.0	1232.0	1442.0	1168.0	1489.0	1256.0	938.0	1167.0	1140.0	1009.0
567859	682.922130045858	1370.96640502996	791.5425859467861	933.3928451145698	803.6437529646831	1350.44605575328	1294.8721724346499	1011.15813467416	990.870591266033	1031.26208620471	1594.8070319004198	878.208934694299	1361.19211498641	1247.7244270549302	1112.09775879462	1072.2382520532801	1310.31324018842	1418.59120287578	1200.45443392282	1680.12186983449	1066.5738940748802	1020.6265555718901	1257.3347629428501	1124.04997436441	1616.0752896473998	1491.02440371534	1362.73010705868	1721.0170207003698	1606.67205412306	1153.20536146977	1294.30580598392	1248.13510112452
406855	458.0	843.0	539.0	441.0	551.0	902.0	407.0	542.0	381.0	321.0	445.0	325.0	781.0	447.0	584.0	520.0	726.0	617.0	565.0	531.0	549.0	559.0	480.0	469.0	523.0	411.0	436.0	434.0	297.0	420.0	412.0	406.0
795916	335.0	633.0	407.0	348.0	400.0	656.0	308.0	378.0	281.0	239.0	352.0	235.0	532.0	342.0	421.0	469.0	472.0	479.0	491.0	436.0	451.0	356.0	466.0	368.0	408.0	390.0	400.0	391.0	240.0	333.0	316.0	276.0
321756	355.249353885751	680.1071260348069	451.948734947672	513.749060518077	468.38270920675905	789.039297660977	671.878421349979	417.66494752886496	453.730019819414	431.426592504813	599.003009495831	400.100534049489	885.084133317491	670.2481039996201	734.386989739567	635.505022913565	678.023523287168	710.5567691162739	553.865480330031	702.8965489192681	599.547420023958	621.181202538667	636.8365574103201	620.378975692725	575.7444693148599	533.340419694189	653.597730014831	602.805980684145	594.115246138519	532.8120538413481	599.886602529249	574.6559632760919
571263	433.012030333898	684.546256396493	452.916208351709	381.53105496933296	433.383027428696	684.122890021533	657.872521929971	433.44033936154506	311.757312469363	243.006611626589	443.822839774318	251.70376352501802	519.321012837098	377.36809043087095	388.03784140577994	391.99367804542	528.079484851174	551.106667152069	456.08971676358595	447.178335707771	420.415384857992	372.464778398563	399.784629716909	472.967098671847	466.538710484745	301.82520253278705	462.00341810570296	320.620275995337	441.498564780207	254.00677869040902	375.86416950249605	252.696272850517
334230	1327.36715443684	2282.0	1646.0	1339.47296142277	1508.0	2328.3850717980604	1075.22520197616	1455.3944712701	1028.0	938.0	1323.33360401345	889.281486324814	2301.8652358452696	1275.0	1677.4206489125102	1427.7211734376901	1598.0	1732.3629877422302	1711.0	1505.3463621832502	1468.0	1440.0	1560.3799762359	1207.0	1246.44696577676	1110.3328150149198	1355.44702115219	1185.0	701.451633316456	1311.13632533997	1121.18311482893	923.0
563650	498.0	797.0	563.0	447.0	437.0	858.0	439.0	448.0	346.0	328.0	481.0	350.0	722.0	402.0	495.0	499.0	703.0	730.0	694.0	646.0	592.0	593.0	715.0	424.0	582.0	465.0	510.0	454.0	309.0	392.0	456.0	360.0
336147	7235.0	11275.0	8096.0	6616.0	6184.0	10707.0	6106.0	6874.0	5453.0	5246.0	6080.0	5605.0	11132.0	7000.0	8762.0	8273.0	7885.0	6664.0	8399.0	6564.0	8642.0	8077.0	7167.0	7581.0	6939.0	5215.0	6997.0	5821.0	5066.0	7009.0	6603.0	4823.0
558612	37.0	47.0	84.0	61.0	112.0	89.0	137.0	38.0	72.0	81.0	94.0	63.0	87.0	59.0	46.0	61.0	285.0	213.0	244.0	168.0	157.0	146.0	195.0	106.0	190.0	164.0	218.0	178.0	156.0	122.0	103.0	136.0
768247	523.0	902.0	581.0	515.0	570.0	887.0	517.0	599.0	429.0	392.0	484.0	360.0	839.0	528.0	632.0	594.0	816.0	815.0	739.0	764.0	683.0	688.0	710.0	642.0	702.0	544.0	590.0	595.0	417.0	573.0	625.0	468.0
570194	1152.0	2060.0	1301.0	1370.0	1328.0	2142.0	1520.0	1380.0	1195.0	1089.0	1430.0	1063.0	2223.0	1486.0	1600.0	1557.0	2037.0	1928.0	1772.0	1893.0	1678.0	1681.0	1750.0	1546.0	1817.0	1627.0	1679.0	1817.0	1606.0	1503.0	1610.0	1321.0
561142	199.43112375182702	364.0	231.0	224.0	207.0	355.0	248.0	239.0	160.0	155.0	187.0	124.0	376.0	181.0	272.0	281.0	308.0	291.0	294.0	285.0	277.0	256.0	270.0	226.0	240.0	227.0	266.0	228.0	219.0	219.0	205.0	199.0
558558	456.0	747.0	552.0	517.0	612.0	846.0	641.0	589.0	415.0	458.0	537.0	373.0	862.0	565.0	660.0	660.0	586.0	593.0	646.0	674.0	557.0	637.0	620.0	604.0	602.0	500.0	580.0	528.0	474.0	642.0	590.0	498.0
326643	2276.21636106781	4307.94832717117	2630.88895213535	2566.82650681948	2562.9145333115803	4452.4923891846	2942.48095159972	2814.1808395378002	2190.28224282306	1835.9964993050698	2541.5600087244	1949.83062402888	4307.49031265557	2647.20535861631	2967.15920675284	3250.79303270044	3398.74213260312	3504.47822999261	3108.36305952583	3269.9491340502195	2993.1512820649	2941.56593358789	3174.46868919594	2671.0218666787196	2940.0830086055394	2596.6821284374	2854.45392910015	2648.2862650401103	2139.26906069488	2403.81687220725	2711.06098223378	2286.64624673995
565458	546.496882286922	782.4213330119611	561.593015137303	647.411505092292	541.545985868111	912.684852795211	816.6492303088651	578.342613632531	538.187285275785	452.165949830366	728.746677344323	439.94020919877	1069.75693953524	647.855302743302	801.095992481311	712.6973656470329	794.5957736333389	755.934179481805	742.433153796902	772.97709203442	787.674633153009	673.031098449173	758.086148757092	657.988360836098	829.702287702032	719.780484570713	755.3390478120061	742.10852896034	800.344014933358	654.74426965799	774.691961987778	554.118069215094
100170805	2436.0	3709.0	2571.0	2244.0	2510.0	3938.0	2114.0	2404.0	1878.0	1616.0	2297.0	1613.0	3968.7733746942204	2459.0	2722.0	2622.0	2582.0	2732.0	2672.0	2609.0	2225.0	2219.0	2255.0	2240.0	2056.0	1891.0	2383.0	2077.0	1264.0	1755.0	1878.0	1454.0
797832	808.1528857937781	1623.7405303696398	964.317673340058	1239.3335090246198	1107.9636511046301	1845.9492337149698	1655.0555401669	1178.55397475648	1109.5779685282598	1235.0126612499198	1317.56428723333	988.932038759148	1820.4144821102	1596.10759994785	1428.5583194147598	1572.2312594595999	1561.51155799879	1462.46590227069	1391.86929218035	2010.0992155413198	1374.52395801345	1331.7841050022	1337.8263374833198	1584.81018072358	2097.3325848620398	1715.4659450422598	2005.56642995943	1735.7798117694902	1701.96677782773	1384.7676164434802	1637.83943099048	1655.0157547676001
561210	1178.72971894271	2175.39318424382	1237.60013200816	1406.70588405403	1125.41374450675	2115.4281809046697	1271.53293548901	1407.7642753052498	930.539254242885	966.3032821735691	1060.5742176797	970.2623389051911	2172.29037053941	1363.73997229212	1289.31811551039	1480.2802765715699	1828.83186214441	1858.59072568323	1779.4263687817802	1796.92834610058	1629.57509475012	1732.7177333401198	1744.04294728664	1421.14642063168	1824.1369864380301	1440.66473969684	1517.76004112807	1669.3872520590198	1252.57770359301	1549.28486567332	1507.53279245853	1197.59152048735
572042	382.06245150061005	660.080682265842	468.293337441401	771.1727466728439	582.526906247989	643.0765831817109	505.05589851904296	337.076349575688	686.153586470046	594.290618270902	772.111381473038	371.0	664.141829600627	541.220054735637	489.185879922565	489.395440517337	669.133047563553	604.2694768883059	644.2401526774311	611.614186106252	581.220862863013	553.721405749807	620.483274440674	513.273763568254	488.26057464034795	508.688210270233	662.293584200392	578.32062183988	384.616504367416	441.091427224486	514.056695387093	293.149011451381
768291	736.0	1185.0	833.0	694.0	699.0	1177.0	713.0	756.0	573.0	497.0	661.0	534.0	1124.0	669.0	828.0	788.0	822.0	911.0	954.0	757.0	757.0	880.0	720.0	673.0	743.0	629.0	695.0	662.0	452.0	788.0	535.0	483.0
406386	478.94863099219805	816.835709041259	532.94098973377	473.413991328123	593.355669361312	835.266926397418	569.0	572.479708523721	376.085779204604	384.514488170191	463.19946753492104	347.38894169796504	712.811049454949	500.656132708546	534.5211743733261	598.7947643309291	728.946634826167	628.893828774316	672.8931069097099	571.70195626746	619.724946760356	576.327237933456	554.065272508455	462.140237157667	646.0	485.027315590131	585.499302678881	540.234047959936	448.0	558.6625726288311	520.3158748999859	424.87850999296097
568244	455.84317190996103	753.793182376468	481.771372560932	481.614365683495	502.865385111606	825.498576989931	511.838695759569	577.953659790934	354.0	358.890238316034	399.0	338.952235102743	753.314423126825	456.0	578.870858874295	602.706580213544	680.746600316186	674.680439695265	626.955452340231	622.389941092913	584.580986190642	625.6722836906611	533.719043997195	533.861479682511	630.651150802825	450.941921262229	602.8043752513761	572.860259298324	494.75914562842695	531.855926349459	509.75797462972	492.824536522422
768178	26.0192480253895	46.819396881293	47.826788863530204	64.2107778904779	41.211157047599	62.7414079110227	41.0234071972239	40.3850758584504	48.14494564110851	46.256264955274894	54.57754825495461	35.3746928458656	109.998498979069	65.0033564740823	72.6450495736329	52.9797634378763	55.019088622461005	65.9252787321876	70.5082527360083	45.22643169515921	63.4435921208309	71.00795817539951	73.8284299279531	43.8255573198998	56.2247633862926	82.4871643769631	59.806202608237	48.1249611823098	57.0421742087941	46.778372439367104	91.81253586223959	68.1882755806518
337626	3413.0	6000.0	3777.0	3867.0	2988.0	5236.0	3334.0	2651.0	2583.0	2374.0	4291.0	3040.0	5675.0	3567.0	4379.0	3650.0	4056.0	5169.0	4357.0	4839.0	3423.0	4269.0	4127.0	3731.0	3705.0	3259.0	4035.0	3125.0	2812.0	3526.0	3492.0	3085.0
81580	169.222119188867	292.259976624047	182.679537824984	260.148794961002	198.06357722549402	350.20742688208503	290.269449166374	253.313494476002	224.553791503885	199.249671737267	232.46132995552503	185.823607013064	372.51257915171095	276.313082049528	254.22558176389	273.0	311.482258807533	226.30201921326	211.348596115944	305.257263941041	232.365683431721	271.397721227412	284.20835010157003	216.67133614744	215.25892903974702	309.434087258405	223.257738709655	197.252907708228	320.640961473149	208.187628497676	236.31107117965598	220.295857028292
558206	5211.4475591151	9247.266212356579	5904.7654010315	7106.13268930713	6109.96313445944	10335.915246123499	8144.761620519359	5635.051139263571	5997.7931164957	5822.30204400269	7128.33482272861	4916.69850666591	10402.7458374655	7492.146195675909	7969.538038629759	7997.24919979292	7155.39319158152	8400.07776997042	6799.84161352806	7777.573518245259	6828.75252393816	7028.452800460811	7209.650977157421	6277.14514106353	6976.249234870091	6364.0415562538	7150.285756091859	6492.931606290191	7284.32288781403	6337.70233069111	6717.508677217379	5999.95078033861
554135	12340.0	21421.0	13675.0	11422.0	12946.0	21152.0	11674.0	13850.0	9692.0	9360.0	11475.0	9514.0	19548.0	10939.0	13174.0	14146.0	18456.0	20727.0	18706.0	16316.0	17960.0	17890.0	17413.0	13722.0	13622.0	11642.0	14983.0	13388.0	9726.0	13528.0	12255.0	9983.0
554176	972.0	1731.0	1248.0	1469.0	1356.0	2245.0	1880.0	1575.0	1166.0	1175.0	1477.0	965.0	2177.0	1590.0	1748.0	1792.0	1877.0	1806.0	1775.0	1953.0	1619.0	1517.0	1557.0	1587.0	2104.0	1851.0	1975.0	1870.0	1944.0	1611.0	1549.0	1447.0
559136	1087.0	2119.0	1232.0	1125.0	1194.0	1860.0	1212.0	1082.0	1025.0	908.0	1169.0	843.0	1786.0	1249.0	1363.0	1330.0	1499.0	1758.0	1500.0	1436.0	1395.0	1425.0	1553.0	1263.0	1321.0	1142.0	1242.0	1256.0	993.0	1213.0	1161.0	944.0
541413	366.0	659.0	426.0	395.0	420.0	674.0	415.0	435.0	313.0	311.0	360.0	279.0	616.0	383.0	451.0	441.0	541.0	549.0	502.0	452.0	417.0	473.0	440.0	362.0	479.0	395.0	434.0	407.0	329.0	377.0	350.0	366.0
767755	106.925825779226	153.947582567546	84.6842515080143	143.826337377105	122.005795376308	219.52981961260502	138.736902601618	151.80099412541202	158.058922061907	150.105943403799	157.795946103311	130.15705117529302	272.676191149363	159.652154130878	209.05602248031101	189.749320352063	271.705006971203	173.78617410310102	321.562331467067	285.244736350822	369.248566628331	170.440377616334	217.667643824729	220.39565576488098	371.62694222879895	230.90548301756698	245.190500722812	251.962760875381	326.506695174459	295.9121523503	193.330330505492	254.39709348877201
556725	892.682221329875	1707.0	969.0	1291.0	1181.0	1966.0	1458.0	1262.0	1070.0	942.0	1316.5013007728699	903.0	2004.7970810240602	1549.0	1415.6828467696398	1591.73252678732	1511.19280179795	1344.0	1340.4173324333801	1472.0	1174.67359083895	1354.38698342278	1351.69394129334	1163.0	1533.0	1317.0	1439.0	1440.0	1282.0	1218.7015302919199	1420.7319292849302	1132.0
792527	1229.66519959023	2196.99842561802	1490.9251860595002	1466.3019564214	1254.8393361672	2247.01280739599	1270.64875752253	1258.0610411075	1120.82149608658	901.244588044608	1246.31016190133	894.6766689812241	2202.06306218799	1366.51067663267	1446.56726367805	1617.0891108825	1611.20969782061	1589.00878959676	1463.77192555173	1363.50727757359	1348.5371703339301	1337.94387521506	1437.64964164422	1116.03207648548	1174.88058141517	988.458502102711	1161.404683003	1022.1300945209	810.316867532699	1002.98157462034	1040.99888478368	809.2642046883991
100005567	530.0	901.0	569.0	444.0	455.0	883.0	439.0	507.0	337.0	340.0	455.0	349.0	855.0	470.0	586.0	611.0	663.0	762.0	732.0	675.0	785.0	715.0	726.0	667.0	504.0	553.0	579.0	492.0	412.0	611.0	555.0	475.0
563853	120.0	235.0	128.0	132.0	147.0	188.0	192.0	146.0	165.0	157.0	224.0	129.0	206.0	148.0	161.0	143.0	296.0	256.0	224.0	286.0	199.0	177.0	216.0	255.0	225.0	226.0	246.0	225.0	219.0	243.0	200.0	185.0
327301	690.0	1175.0	829.0	664.0	721.0	1118.0	741.0	757.0	591.0	528.0	656.0	514.0	1182.0	703.0	743.0	881.0	951.0	970.0	892.0	711.0	861.0	788.0	813.0	635.0	753.0	694.0	734.0	717.0	594.0	641.0	630.0	593.0
100332088	809.0	1357.0	819.0	841.0	857.0	1372.0	878.0	876.0	646.0	645.0	792.0	612.0	1388.0	953.0	1062.0	1158.0	1108.0	1097.0	1018.0	912.0	1019.0	950.0	991.0	879.0	877.0	758.0	953.0	852.0	794.0	787.0	859.0	704.0
100319387	52.0	81.0	59.0	48.0	65.0	89.0	46.0	67.0	37.0	40.0	30.0	33.0	84.0	55.0	78.0	46.0	101.0	69.0	84.0	65.0	54.0	77.0	69.0	63.0	75.0	63.0	61.0	76.0	42.0	49.0	46.0	47.0
564584	210.0	289.0	191.0	264.0	304.0	404.0	321.0	261.0	237.0	212.0	261.0	212.0	494.0	332.0	342.0	290.0	417.0	375.0	366.0	364.0	364.0	425.0	398.0	327.0	420.0	330.0	410.0	400.0	317.0	393.0	329.0	376.0
406683	1223.91040085524	2296.86526071243	1492.3367469037398	1426.02310920051	1363.57720030555	2230.93471563826	1363.19616785777	1551.74370741876	1137.99234621557	988.706448064975	1285.56734164678	1009.11852970054	2358.00797189145	1481.39717930133	1741.13008571922	1627.84175239404	1890.31305703599	1914.1072883435997	1845.80035502034	1858.7237246179998	1558.54775527779	1631.92226976853	1582.39068571906	1332.88124627533	1686.81081139611	1406.57094920425	1591.26880863278	1426.0108734123999	1130.1261414403698	1277.88365372696	1368.6731758948101	1131.90912540595
100189616	707.0	1150.0	825.0	957.0	958.0	1376.0	912.0	809.0	884.0	833.0	1045.0	660.0	1758.0	1289.0	1340.0	1286.0	1704.0	1819.0	1479.0	1320.0	1430.0	1629.0	1724.0	1444.0	1536.0	1307.0	1540.0	1091.0	1592.0	1065.0	1364.0	1120.0
30387	1184.0	1967.0	1256.0	1114.0	1272.0	2043.0	1387.0	1375.0	862.0	931.0	993.0	845.0	1831.0	1174.0	1353.0	1442.0	1483.0	1563.0	1367.0	1297.0	1353.0	1286.0	1279.0	1211.0	1359.0	984.0	1326.0	1296.0	1111.0	1217.0	1101.0	935.0
563778	417.0	786.0	473.0	457.0	447.0	727.0	532.0	402.0	337.0	341.0	414.0	312.0	731.0	443.0	533.0	584.0	667.0	657.0	657.0	538.0	507.0	514.0	576.0	484.0	573.0	416.0	565.0	520.0	421.0	462.0	463.0	436.0
561183	63.0	90.0	66.0	60.0	62.0	108.0	95.0	44.0	66.0	63.0	90.0	56.0	105.0	98.0	73.0	74.0	108.0	98.0	64.0	82.0	98.0	72.0	104.0	36.0	65.0	70.0	61.0	70.0	43.0	64.0	86.0	50.0
100005403	199.0	359.0	231.0	174.0	191.0	329.0	120.0	219.0	148.0	136.0	156.0	139.0	272.0	179.0	203.0	209.0	222.0	242.0	261.0	197.0	242.0	234.0	231.0	157.0	199.0	134.0	194.0	182.0	124.0	173.0	129.0	146.0
100329900	373.93415297243996	679.032119423493	474.40543065739604	539.08439040601	561.277023292332	849.121157739801	521.630293923605	503.541923234518	501.438794090698	465.52965388565696	671.178717396669	341.250683522525	882.072801819135	543.643144901733	685.812295305852	609.494070799257	655.724030722626	766.0996389808521	627.124467003464	659.188579916971	580.067543945605	605.476583428844	781.4546864368041	516.529049145823	562.3495626647571	646.025356074974	568.6745263939849	513.394082508041	474.585837123967	514.229481043852	633.69992834521	499.222707340732
100332332	41.0	69.0	39.0	37.0	20.0	32.0	28.0	33.0	16.0	26.0	16.0	14.0	36.0	25.0	29.0	22.0	32.0	24.0	49.0	35.0	35.0	26.0	29.0	37.0	37.0	37.0	45.0	26.0	15.0	23.0	20.0	17.0
171473	4409.0	7333.0	4402.0	5145.0	5641.0	9110.0	5021.0	5957.0	3519.0	3101.0	4352.0	3300.0	7976.0	4726.0	5085.0	5277.0	6662.0	6308.0	6154.0	5479.0	5813.0	5469.0	6021.0	4976.0	6210.0	5632.0	5715.0	5466.0	3853.0	4578.0	4847.0	4598.0
554532	3758.0	6259.0	3911.0	3394.0	3388.0	6387.0	3363.0	3870.0	2816.0	2584.0	3538.0	3164.0	5386.0	3743.0	4142.0	4617.0	5115.0	4927.0	5144.0	5185.0	4517.0	4433.0	4711.0	3927.0	4654.0	3197.0	5527.0	4318.0	2851.0	4154.0	3938.0	2975.0
559440	131.24101295945601	161.011296458524	127.42382743837798	191.08652442858997	156.135301712639	234.823714012256	172.628799452127	137.537492890337	139.855740715705	129.370221486008	197.747416709255	129.02553751317498	254.934682694771	171.34404553036399	195.779523094565	166.63759436270598	249.699537624305	209.26321705323502	185.59465463006302	242.838753143575	199.93352364211998	157.74181038540502	186.595717293257	246.91435862352998	280.17379542988397	257.790690852057	188.41345565090802	214.207972651214	180.08788014636502	179.261147677649	179.89795317938302	195.644932316782
557270	758.0	1370.0	815.0	858.0	1139.0	1607.0	1013.0	1141.0	649.0	583.0	791.0	587.0	1438.0	854.0	1020.0	1038.0	1226.0	1171.0	1045.0	1037.0	1063.0	1118.0	1160.0	856.0	1070.0	870.0	997.0	918.0	815.0	819.0	791.0	788.0
569547	203.50075512127898	325.558407738964	224.738720221458	250.71774991611198	197.07336149767	331.940829266513	208.907707864445	248.652830717573	129.406188548138	100.51839571715999	140.217976522331	110.967627769228	283.741184997245	162.514189586814	200.437560715212	201.194232809743	206.675450104954	314.989628964659	228.577068643195	223.374287126676	198.503331210267	236.03112028651	209.351453306224	255.128335215769	291.179438253068	330.066234718881	240.322384909509	192.063825542495	223.94036348773201	179.95472600871898	278.566592891409	239.84225882287998
503788	257.0	377.0	237.0	215.0	204.0	368.0	240.0	229.0	148.0	146.0	158.0	213.0	294.0	238.0	255.0	246.0	332.0	343.0	310.0	303.0	350.0	361.0	306.0	273.0	358.0	199.0	323.0	219.0	249.0	250.0	239.0	151.0
100334336	1430.8798144915302	2942.00574484753	1836.0120294411602	2752.70584288536	2332.98271706108	3361.66414769614	1960.4378858203302	1622.1613656199802	2420.35926749652	1797.21546757553	2296.16360948189	1531.75280765837	3848.21173620141	3020.79196630778	2611.09715618855	3010.8266772679804	1614.62326277648	1448.4614913137802	1147.14599699988	1314.17255905303	1469.2782588402401	1426.04090978919	1503.47598551245	1473.90788990493	1332.9569115683698	1438.46167386716	1397.07348636194	1330.61285023022	1209.08273132802	924.675061928993	1370.53478910235	1022.1810311570199
100537934	131.0	215.0	147.0	115.0	129.0	228.0	114.0	134.0	97.0	89.0	109.0	85.0	166.0	114.0	130.0	127.0	173.0	185.0	193.0	191.0	129.0	137.0	151.0	145.0	131.0	133.0	113.0	152.0	117.0	142.0	111.0	102.0
100001171	540.587361474359	1198.67925451544	659.729556829457	813.983561269731	785.964091047849	1387.4122371881501	817.7896976697031	793.3342997347951	703.7510159428149	711.4796323675951	911.595155557083	548.948722250487	1137.17462663821	879.859279457493	977.89286113461	999.9163838453791	917.541271755264	838.1572894963209	691.593991577359	807.7840057369859	764.141360790969	739.534203688464	851.707096884322	815.477534462955	1010.8966622518901	757.624445131713	877.27180385682	747.050012314476	986.172133459108	805.0007627180299	1011.14878875401	770.092653539696
100330147	757.0	1469.0	1004.0	1256.0	1087.0	1747.0	1156.0	975.0	973.0	972.0	1197.0	871.0	1759.0	1230.0	1318.0	1511.0	1169.0	1030.0	998.0	1200.0	1043.0	943.0	1139.0	1053.0	945.0	982.0	1119.0	969.0	814.0	796.0	981.0	690.0
101886230	403.0	890.4145434096699	592.0	498.238527731041	457.0	862.130281744334	465.0	488.0	406.114306491045	374.113006517435	443.0	345.0	681.0	447.30407170737703	510.090939882576	515.0	707.107633091585	636.118342373302	612.112564031116	619.115996280656	542.44228409476	568.0	588.233317980105	432.0	515.0986073511419	441.0	558.0	529.0	391.0	491.0	480.0	398.187284473737
558084	909.977131662645	1441.09617941401	1019.09237436226	906.2110048177319	876.5896915959989	1563.2524014722198	938.570214131595	896.340818420165	739.458705284932	666.058333354572	906.525718728331	730.926632792419	1358.6227818889	859.1657842175031	1007.1712378660199	1028.50381805435	1228.12666471783	1050.8700570508502	1278.89161361541	1163.4581600569	1154.6222791959199	934.4941615912061	1015.96929219521	925.967485158239	1071.7860521110401	960.7934734061639	1123.28869625464	936.945318997549	806.506453536583	870.9742882380909	902.851390712368	781.138914885119
100002322	1.0	1.0	2.0	1.0	50.0	97.0	59.0	120.0	46.0	36.0	45.0	82.0	0.0	148.0	1.0	0.0	166.0	184.0	138.0	173.0	124.0	140.0	120.0	123.0	153.0	140.0	117.0	163.0	117.0	110.0	111.0	120.0
558616	28.0	60.0	52.0	38.0	40.0	62.0	48.0	38.0	22.0	19.0	19.0	17.0	54.0	44.0	45.0	39.0	30.0	21.0	35.0	30.0	43.0	38.0	46.0	30.0	29.0	33.0	30.0	16.0	20.0	32.0	39.0	21.0
553068	191.0	367.0	241.0	302.0	345.0	445.0	464.0	311.0	270.0	275.0	289.0	199.0	455.0	302.0	334.0	311.0	383.0	385.0	307.0	361.0	311.0	330.0	350.0	288.0	370.0	388.0	322.0	365.0	372.0	288.0	309.0	362.0
568378	349.0	610.0	422.0	416.0	380.0	686.0	337.0	436.0	234.0	306.0	381.0	259.0	637.0	400.0	445.0	504.0	450.0	470.0	464.0	415.0	434.0	397.0	418.0	340.0	347.0	315.0	421.0	341.0	270.0	396.0	350.0	276.0
566040	69.4758411526165	148.46296715775802	99.31640052926072	176.931147337596	130.518242499181	192.588038400143	145.373338580011	125.220397896378	120.996384002677	119.770551900068	121.09919969728	112.233545942267	210.872649403722	149.717446937811	114.62911150201201	162.02960304207	56.753927377481396	71.4392136048287	87.358342538356	77.21867927961951	43.4849088799935	48.1635884335857	66.63062542917349	70.4670787626207	57.5892351056176	45.614015027708795	78.8681085813637	63.6731224701934	49.407640094502405	48.0206040082523	54.7041861538511	53.04888114682689
100126122	27.481801457013997	77.94486610458941	45.010220930423	56.0928438892663	49.431455676651495	63.2366759596006	65.9089839658879	79.53958502005	84.99685687685721	70.82877277480091	97.9983890216013	42.620315834418705	55.4879850516515	76.12690413569679	54.744696476575896	57.179643962200096	132.73363864075898	62.6475803271116	67.5936196466157	95.49046848163108	68.8083834403572	69.9980075947772	93.24101254854419	102.725976542275	75.54959284638959	65.02955313486011	69.63376585176489	57.1652868846873	102.04899061635099	62.8852267455122	43.1120556593402	86.9761585157518
100332407	549.0	980.0	616.0	597.0	673.12579036398	929.0	663.229361147344	609.0	524.0	374.01496741969595	511.0	405.107175587763	971.1450135744141	624.102331714236	761.0	741.054273642544	805.1018428235769	914.0	830.129452974428	770.058278160966	735.0	713.0	763.0	655.051475994274	820.174512584854	624.12016181141	669.112260845412	674.054485303715	561.105130758134	642.069843271737	676.0	560.05906816821
794623	402.0	723.0	454.0	518.0	469.0	827.0	728.0	531.0	531.0	486.0	569.0	428.0	972.0	786.0	688.0	675.0	917.0	792.0	664.0	711.0	590.0	631.0	737.0	691.0	720.0	666.0	762.0	779.0	651.0	639.0	660.0	561.0
100005387	200.858025841046	340.92442914280105	259.481950252395	263.957403277327	254.59253077835098	374.95535524381205	310.499117351343	279.815445746689	263.93259688350497	222.379416249598	317.264214381638	240.77824937970902	360.54972476056196	267.08975358368997	296.6922213726	285.223921847996	294.329360186067	304.116158308788	223.882964863343	256.545089269754	266.119226152054	231.608462983003	273.17869035538297	207.41846393268298	329.709710290986	263.17847341398203	266.550081400007	255.83827418462798	240.61699925495301	198.56558812744	263.654306079533	224.965276845485
556808	221.0	345.0	240.0	223.0	236.0	391.0	218.0	266.0	154.0	122.0	188.0	156.0	347.0	204.0	234.0	230.0	302.0	301.0	283.0	287.0	305.0	289.0	297.0	215.0	254.0	232.0	236.0	235.0	184.0	215.0	227.0	192.0
565287	649.0	1213.0	813.0	636.0	772.0	1238.0	622.0	792.0	535.0	504.0	660.0	481.0	1031.0	643.0	754.0	693.0	870.0	1008.0	908.0	894.0	882.0	798.0	778.0	710.0	838.0	748.0	938.0	682.0	476.0	659.0	659.0	543.0
334065	1017.05691918498	1799.2992683408102	1072.75190269695	981.087304024517	1120.9361762424498	1808.55941137922	1051.99869944758	1257.70641419397	831.563473164175	763.487578781845	1015.3993514325999	760.883628787026	1811.64672941792	1201.12946474783	1302.75866808547	1406.5631502489002	1513.37100777245	1401.1491705780302	1267.8554705860001	1283.91138936426	1219.41504068736	1239.8347097568699	1185.78272809618	958.245955739182	1202.7068799665199	901.209370049574	1266.5898343216802	1150.77342203681	725.0113353050169	1044.7904338182	964.3660612928591	889.0522929901739
571530	132.029139205347	219.0	146.0	133.0	124.0	231.0	136.0	135.0	84.0	92.0	105.0	86.0	185.0	109.0	131.02148657977	118.037120988699	189.23492525840402	167.037365932747	162.060611092214	202.0	139.0	126.30078146336399	153.03138800868498	129.0	157.0	146.0	143.0	99.0	70.0	123.0	126.11639305173	100.02980932477399
570651	89.0	207.191595196518	120.0191968658	93.02266014005029	110.458118548963	146.093344928997	89.02258139768749	100.011608130335	71.0	76.0	75.0	65.6772684384972	131.019906123993	79.11238600016621	82.0	68.01628955099049	128.143672894976	125.04230661805201	124.07000863326599	119.39262193089701	110.153901394176	73.0	91.1293158455344	71.1535046438419	119.218245044897	89.0403993463834	114.022200349438	74.6766899613242	41.028866254349296	82.0	79.07351286001091	67.0252646912412
192321	17636.0	28834.0	18133.0	17097.0	20285.0	31164.0	20763.0	20474.0	13293.0	13514.0	16861.0	14295.0	28805.0	16391.0	19908.0	20629.0	24857.0	25394.0	22574.0	20988.0	23050.0	24166.0	23225.0	20042.0	19124.0	15357.0	20934.0	18296.0	16082.0	18214.0	16168.0	14539.0
436671	1063.3333083259402	1730.7671917632401	1064.25079418237	1004.5389966583199	1103.05698108076	1691.50801340466	1322.39575278609	1416.66593429991	705.473528452164	715.116751908104	924.0617811378039	833.6079257489849	1605.78596273464	1014.1141229025801	1003.6766742089501	1246.0018063012699	1292.76147875938	1400.30048077371	1160.92116841992	1182.75036661774	1208.09464055304	1425.1846367241299	1401.18443483768	1143.16190562149	1313.93779210159	983.464275479491	1182.1693893408199	1087.50790702972	908.1216380681619	1061.23292441282	872.048158872511	779.253939316332
100034657	82.0	142.0	116.0	83.0	96.0	129.0	68.0	70.0	60.0	54.0	66.0	57.0	153.0	98.0	85.0	98.0	96.0	109.0	110.0	93.0	86.0	90.0	100.0	94.0	74.0	62.0	78.0	66.0	53.0	55.0	81.0	62.0
796164	643.0	1278.0	712.5548169676201	680.497211812135	382.410069565936	781.0	541.0	441.43859446435	419.0	461.0	595.0	559.0	783.9491570585291	461.0	609.492820474887	693.495955145916	509.0	731.1966780247211	609.0	673.0	421.0	506.51552307522996	495.467383520767	446.4432424479	810.0	422.0	793.0	508.0	345.48471992434304	471.0	376.458610679078	418.0
100321881	1310.99683886661	2180.72077198176	1335.28883559342	1640.2653132082999	1552.4360908252402	2597.3148292844	2129.48686766835	1640.01676123871	1478.75603165732	1302.55804673572	1714.42298001493	1244.00087249854	2743.50149531645	2001.30236644997	2229.56368620674	2160.1725534635398	2033.1608364559	1852.4996120429398	1762.50685828075	1977.30204159442	2090.85364612087	1867.5676216501101	2062.9203735565197	1892.28664509619	2037.0278346138102	1839.36581357399	1983.6137422089898	2169.83069910389	1828.4901961644398	1871.14536775774	1992.8366015998101	1812.1743284380602
794762	14.4920676304409	33.101218035317395	36.3984767074442	35.9258195683351	37.782951252561	66.1610386709421	46.216645674803296	52.81693328338179	48.199349920538204	28.5650172675772	43.7458986728444	33.2954926577786	68.3362179957734	48.657020502517604	51.398354350048706	60.7162185349768	43.6161599751198	37.8901544791507	52.006473792334496	54.281824591234894	46.2972842343655	24.7969584000092	43.0775186695106	59.076411203037004	76.0763986045623	52.3210088436454	70.6820062633232	44.28551613277289	49.8411290855235	55.7692804471138	61.44476043606	33.0487274490847
100136862	1815.2952089329801	3470.83264926138	2312.6290437126	2421.21210191477	2535.52044113843	3784.62247584141	3543.97435730307	2630.8580893344697	2286.80761690799	2363.0491913432397	3060.7398641106606	2107.2131177517604	4352.739982316471	3338.0407237324102	3242.06936813666	3052.23528002769	2839.6368579319	2845.7552957070097	2944.7401931332697	3360.59212163278	2652.3118692868698	2754.7019550798	2970.61080514266	2958.05996034208	3043.99762067067	2996.8008459863104	3596.21848989507	3050.07761951771	3106.1417060331105	3176.65840482923	3106.8496458340696	2751.0052212351698
103909096	47.063761042463206	76.2027204827635	46.3328534216328	115.09781207873999	34.7702415465715	103.065217705721	66.7061663919025	32.709045327313	127.757629212638	97.60879724784272	83.3832089482292	66.0337145450794	210.72052048223	161.612835582677	177.32880182318297	155.078508325435	135.210359925656	150.606096695491	112.402318940085	127.53629418780899	109.90269845857	102.040431676309	107.56440167079501	138.540393790463	176.194750593441	174.620841094617	151.722854989912	135.883410314508	148.831757380539	98.1655840159308	166.350075470226	137.003496917055
108181225	137.0	319.0	180.0	164.0	146.0	269.0	130.0	169.0	103.0	93.0	130.0	122.0	222.0	139.0	160.0	175.0	201.0	212.0	113.0	151.0	123.0	154.0	135.0	120.0	177.0	103.0	168.0	162.0	70.0	91.0	88.0	71.0
393675	1543.2205571872	2538.54217744523	1548.1179232859301	1488.67218718276	1861.30347350087	2770.83266473628	1856.7850805606301	2024.9807765145601	1167.14597145563	1153.2637044213	1421.00760073362	1264.87222416176	2270.1084535905497	1432.90446732449	1676.89469909651	1747.0933476699802	2371.5275819200897	2291.67164006869	1936.9977714705399	1710.71700138386	1998.81325902778	1956.69888165084	2003.2827840964999	1564.35787191232	1716.2632156986701	1427.88185918771	1754.2119144440198	1701.96495560677	1353.8750223727	1496.5436848711	1381.17475186132	1349.2971808738198
561673	91.0	208.0	154.0	111.0	108.0	179.0	122.0	112.0	77.0	95.0	105.0	75.0	149.0	106.0	116.0	122.0	174.0	183.0	151.0	139.0	138.0	131.0	123.0	99.0	153.0	152.0	150.0	145.0	113.0	103.0	103.0	100.0
571836	391.0	697.0	419.0	394.0	430.0	716.0	381.0	409.0	316.0	271.0	384.0	251.0	610.0	444.0	480.0	429.0	529.0	513.0	536.0	473.0	453.0	463.0	508.0	454.0	439.0	381.0	446.0	380.0	307.0	342.0	434.0	313.0
565964	69.0	90.7792127959939	81.6347212075685	128.254622760353	86.96067423445422	155.266800132693	184.0885041507	79.20392505412721	108.552660129481	133.620182335871	133.06613483280898	80.2920699715079	122.234656231936	198.361456202002	150.433492708094	128.559568465405	110.85735746869699	91.0266007783696	113.907239616933	193.02117835220798	77.75580597529309	69.7697520367251	83.367525192252	133.839979789713	138.296527416518	138.80245465388901	218.423908084868	156.688548984385	220.50262113532398	131.372359767309	156.78303596746798	125.725431136452
558020	1213.0	2070.0	1561.0	1191.0	1304.0	2100.0	1175.0	1387.0	1052.0	998.0	1269.0	980.0	1954.0	1323.0	1467.0	1478.0	2026.0	1943.0	1857.0	1721.0	1713.0	1753.0	1728.0	1572.0	1555.0	1432.0	1630.0	1468.0	1059.0	1446.0	1373.0	1176.0
402955	111.0	168.0	103.0	139.0	141.0	243.0	215.0	165.0	134.0	120.0	221.0	131.0	204.0	152.0	139.0	143.0	173.0	217.0	237.0	180.0	199.0	196.0	170.0	192.0	207.0	167.0	205.0	204.0	223.0	192.0	150.0	168.0
100003734	214.0	400.0	230.0	207.0	231.0	419.0	254.0	265.0	140.0	161.0	191.0	177.0	300.0	227.0	253.0	243.0	309.0	239.0	234.0	306.0	272.0	228.0	199.0	262.0	332.0	209.0	248.0	278.0	192.0	221.0	215.0	200.0
555222	928.430537213701	1358.68386828036	903.776781548714	1116.85484671959	1014.78825218348	1773.5431401383898	1461.05468936855	1103.90031736044	1084.80555300043	982.410171583035	1132.0977018093	914.1978516176821	2036.82352021388	1394.3679152069699	1606.81278175425	1339.9220072183698	1076.18784434945	1180.80916732749	1057.70148729544	1396.3519502657598	1039.9563154545801	1092.6475039543	1259.80592162161	1245.47073364655	1345.3782906826	998.1616746374001	1431.23733563258	1132.9641817663698	1071.57106857693	1020.50836933404	1220.88656005282	1092.0602911605001
30688	537.45461939135	1002.3631803541301	648.012618833695	589.21187133883	504.49363877524695	813.709745318417	542.805191080905	499.616969572494	484.01448161056	429.341966543849	575.836408701447	423.84367821842903	835.7928325163961	556.354730818074	588.888903651462	582.950139260037	685.051793918761	784.510516235954	800.495925535704	634.480315667982	586.223426861862	516.674110525764	614.8083938815171	529.676887132352	585.867050255308	499.409684070154	609.5637344707679	568.626068080487	483.868928605745	488.129646741616	492.34923958650904	423.34049869985296
321619	321.948323281846	682.448559119343	377.65380236925597	587.0581438962349	370.551159646962	619.904561152933	1239.1437356118	389.18026085126604	536.881893872767	514.98918839568	565.143894424364	481.159218219907	647.656118245219	622.865897290598	460.892929358816	582.1202215952941	616.67896825107	426.947890511241	463.979744719637	602.3388803789051	367.646692616445	349.802022659036	458.887333636513	573.563646532995	621.2578712421421	525.7245863205139	761.697772551661	596.1658650175331	739.749576080914	409.17810290843903	507.344882205282	394.404776972468
335629	426.0	769.0	539.0	647.0	784.0	1082.0	879.0	779.0	550.0	566.0	629.0	445.0	1057.0	745.0	824.0	772.0	897.0	799.0	641.0	840.0	682.0	686.0	740.0	582.0	820.0	694.0	716.0	734.0	638.0	619.0	669.0	581.0
100148903	20.0	36.5585038694029	26.0	48.0	36.0	98.70582257353641	36.5297603495549	54.0	55.0	24.6138679637677	67.8872674190548	43.734848092179796	95.6133278538088	45.0	60.815746727938794	68.7868021444926	92.8554268398217	104.90855573187001	71.0	69.0	92.0434465433353	73.2262991235774	71.0	58.0	64.0	73.6970547643344	61.302704293104895	59.7924592018788	50.0	48.9655805638385	79.8174621706516	51.135462360214795
337675	1719.0	2593.0	1682.0	1501.0	1377.0	2257.0	1416.0	1508.0	1174.0	1161.0	1611.0	1380.0	2152.0	1485.0	1773.0	1726.0	2085.0	2103.0	2081.0	1871.0	1869.0	1711.0	1686.0	1602.0	1594.0	1292.0	1813.0	1551.0	1192.0	1634.0	1325.0	1104.0
436776	953.0	1765.0	1151.0	1049.0	1160.0	1572.0	1019.0	1043.0	661.0	751.0	958.0	716.0	1513.0	900.0	1023.0	1128.0	1345.0	1343.0	1395.0	1155.0	1060.0	1224.0	1175.0	845.0	1137.0	942.0	1160.0	991.0	756.0	990.0	957.0	916.0
503939	414.0	700.0	419.0	377.0	411.0	656.0	407.0	441.0	325.0	302.0	398.0	253.0	599.0	418.0	468.0	457.0	606.0	616.0	563.0	512.0	497.0	492.0	512.0	441.0	407.0	397.0	448.0	465.0	332.0	380.0	395.0	316.0
324971	4690.0	8288.0	5301.0	6163.0	5842.0	9417.0	8410.0	6166.0	5358.0	4943.0	6445.0	4587.0	9781.0	6814.0	7198.0	7290.0	7846.0	7835.0	7451.0	8409.0	7204.0	7234.0	7117.0	7124.0	7439.0	6868.0	7863.0	7067.0	7213.0	6701.0	6698.0	5943.0
561612	602.0	1041.0	668.0	549.0	614.0	954.0	576.0	572.0	473.0	460.0	599.0	413.0	883.0	612.0	736.0	694.0	752.0	848.0	713.0	745.0	665.0	673.0	765.0	574.0	603.0	502.0	639.0	601.0	463.0	568.0	532.0	459.0
100334029	19.023165235236398	13.456860935633301	18.8164322013407	46.6331139483516	20.8371326939468	32.337010448480704	66.8373884758572	66.2911877819036	27.1777733686477	36.3804570001428	60.582270736430594	39.386902412788	43.8919122887117	65.2272266198371	53.61933281110189	53.5238832607071	157.284216298661	93.7782212639201	101.171346279617	144.55956242627	105.070087656544	73.179148933642	132.381865785775	158.659876536192	93.7626338601254	87.6628771241445	117.941192549776	105.909385606327	90.23029796614271	150.832873521754	113.780849244253	121.139732711656
100141338	11.0	20.0	24.0	31.0	47.0	43.0	43.0	39.0	30.0	31.0	32.0	24.0	70.0	25.0	33.0	34.0	98.0	78.0	59.0	61.0	59.0	60.0	49.0	57.0	86.0	42.0	48.0	38.0	51.0	46.0	38.0	63.0
406796	8158.02548924475	12769.927716523898	9039.47960722713	8350.92664687507	7824.85156194088	12825.8382583009	9193.0	8008.46493143653	6900.4665141016	6047.75239051625	8385.0	5894.44672800837	14435.8231853545	9776.1544554122	10695.127891156999	9868.481416999879	10517.4080745169	10071.599386955899	9817.472772334051	10576.9467341212	8943.865431626658	9328.356438089259	9586.0	8420.423296765479	9006.45089069285	7518.46015194124	8444.44781256193	8315.0	7455.542016056079	7639.14841756739	7959.920065592891	7179.76118556234
393736	388.17754669280197	627.070029958418	252.10414894412997	457.91602365299303	428.78833555435403	629.043554521076	498.94205233022905	411.87971140945297	333.190018381506	369.392573076177	442.92974633962405	333.755892079851	570.04548339648	396.78060870962196	384.557756187997	461.08843978493894	522.903673600158	342.603129443091	469.992808736401	439.40133864236503	757.071765378466	350.676185694303	605.965310524747	261.147616050611	299.141552456406	295.64039975310396	356.65213312471496	716.02064007123	552.771549227214	348.38987030123496	350.033491350169	354.34108371612604
503571	2502.9804260142396	3201.0659676469604	2214.11844582295	2485.95061044586	3453.68678262672	6163.17661199272	4556.6514590241495	3280.251194494	2936.3396546690697	2065.42283550835	3818.26903107646	2024.75715519156	5914.80285338822	4047.3407245336102	3965.77361740212	4287.41255493317	3533.4655256153997	4079.83223137456	3089.7414202952195	4507.51920978438	3025.6173789734303	3312.53614178003	3057.21444982229	3370.71420000104	3463.81737122263	2945.4898606788106	3537.23363928265	2903.82600489766	2971.17952888302	2926.9450741329997	2795.75896091879	2663.11463873439
100144770	53.7878495555897	76.2389433765795	55.62711879279921	82.64908845989709	87.88730266201941	122.507499488145	111.504146394364	72.9197931888517	71.7142760315557	74.0198474840152	67.652193151752	53.14905708385679	109.45654186735202	127.590857351275	105.70624912016301	86.7854591863228	103.713377038068	76.3843317322959	111.457809476899	76.8327657113044	57.4720485927989	78.46537661186409	77.19303306429791	112.550296401989	103.08142745810301	109.39263267266399	142.376493837404	112.750227828653	75.3391121471575	81.9951917691011	89.4310114845927	87.90080955298271
100009658	504.0	1015.0	647.0	800.0	694.0	1237.0	1192.0	696.0	733.0	703.0	1022.0	729.0	1283.0	1045.0	1303.0	1034.0	960.0	998.0	924.0	1207.0	781.0	853.0	854.0	984.0	1220.0	1026.0	1280.0	1211.0	1283.0	1072.0	1122.0	963.0
393239	322.0	593.0	364.0	337.0	406.0	723.0	345.0	470.0	227.0	237.0	294.0	263.0	566.0	338.0	356.0	429.0	519.0	511.0	398.0	393.0	408.0	466.0	464.0	322.0	431.0	337.0	327.0	377.0	317.0	293.0	322.0	282.0
405837	380.374594705674	714.9738108762441	435.934720520319	321.482001842695	369.25430576183294	681.8455413139	306.0	423.887767712245	308.663810457664	269.71089559078996	388.0	265.0	591.0	385.686919995662	464.684675396598	417.488981248238	549.0	618.9272697727661	594.819721275829	541.6046628831599	507.71630231154603	478.913705818149	573.8264502869371	450.61114177236703	461.084243981721	405.700957808446	461.509720696872	456.59063701969706	276.839191622074	425.0	409.623755471182	315.89737737840596
563900	174.286399415337	340.615300844928	250.01775504950803	301.198547532428	282.359063117973	401.773313561302	293.535426634673	309.235477894611	268.93266384991796	252.614226418694	317.409389000988	200.826632040896	453.255087245546	258.630703984926	298.394163573666	282.77485155170103	288.033701023082	295.52414537468104	294.407938672179	316.833768187287	223.057305638498	258.74461776904997	253.348464346644	297.832326167223	362.674522633096	278.95493568353197	318.01383114505296	259.012383957961	235.568586728486	246.757677616185	273.990940953397	236.50283732227902
100535402	352.59242632298	588.544167891636	383.938018546482	449.434084976697	432.45252255755304	610.612955900361	571.494302480502	413.977760075301	426.589157495107	396.275733592741	446.06339032848297	371.75220462323	634.836168249537	508.123066794973	508.16770394878097	495.623728554458	493.38358846336195	535.833820778919	496.53925711668296	500.665865906968	422.795236596111	405.753035250742	414.926880592272	462.25194518135004	448.48254922484495	414.711906481121	498.452295441445	466.399034473575	580.085366063671	424.08680744120596	436.504554492696	449.178559115639
100170839	126.756056259327	207.19182763957198	180.882099456005	333.937140999188	264.081484978925	305.852529286454	385.16608431884003	214.36845412459598	313.959128460227	198.575083416259	327.55886506367295	180.51741663476201	431.92734538968597	452.840967218096	372.17395799779996	336.601696054103	296.144501878669	362.376804208758	283.466139356103	305.569392842941	237.50657898041803	198.884805854532	302.62623038839297	395.12855485130797	494.852984154509	286.062219178809	465.372424040456	298.08018808546103	507.053963700412	290.556267020281	342.888049347468	271.473695570967
567731	368.0	682.0	439.0	406.0	360.0	623.0	405.0	383.0	275.0	308.0	376.0	280.0	609.0	356.0	485.0	472.0	548.0	533.0	561.0	538.0	489.0	415.0	448.0	384.0	475.0	403.0	521.0	454.0	298.0	422.0	405.0	352.0
