Name,Group,"*13C,15N-UMP","*13C5,15N1-Valine",*13C6-Sorbitol,"*13C10,15N5-AMP",PA(16:0/16:0),Behenic acid,Nonadecanoic acid,Erucic acid,Phytanic acid,Vaccenic acid,Alpha-Tocopherol,Linoleic acid,Stearic acid,Palmitic acid,Heptadecanoic acid,Pentadecanoic acid,Alpha-Linolenic acid,Myristic acid,Dodecanoic acid,Undecanoic acid,Capric acid,Pelargonic acid,2-Hydroxy-2-methylbutyric acid,(S)-3-Hydroxyisobutyric acid,2-Hydroxybutyric acid,Alpha-Hydroxyisobutyric acid,N-Acetyl-L-tyrosine,N-Acetyl-L-alanine,Deoxyinosine,Cyclic AMP,Hypoxanthine,L-Phenylalanine,L-Leucine,Acetylglycine,L-Acetylcarnitine,Pyrrolidonecarboxylic acid,Inosine,N-Acetylglutamine,L-Isoleucine,Betaine,L-Methionine,2-Hydroxyethanesulfonate,L-Tryptophan,Xanthine,Cytidine,Beta-N-Acetylglucosamine,FAD,Guanine,L-Pipecolic acid,L-Valine,Guanosine,Alanylglycine,L-Proline,Acetyl-CoA,Uracil,Orotidine,D-Xylitol,Maleic acid,L-Tyrosine,L-Carnitine,4-Trimethylammoniobutanoic acid,S-Adenosylhomocysteine,Methionine sulfoxide,N-Methyl-D-aspartic acid,N-Acetylneuraminic acid,Sorbitol,2-Methylcitric acid,(R)-lipoic acid,Adenosine monophosphate,Coenzyme A,NAD,Glycerophosphocholine,Gluconic acid,L-Threonine,Glycine,Uric acid,Phthalic acid,Thiamine pyrophosphate,L-Alanine,N-Acetylglutamic acid,N-Alpha-acetyllysine,Hypotaurine,L-Glutamine,L-Glutamic acid,N-Acetylornithine,Taurine,Aminoadipic acid,Gamma-Aminobutyric acid,Glycerol 3-phosphate,L-Aspartic acid,ADP,Citicoline,Uridine 5'-monophosphate,Uridine diphosphate-N-acetylglucosamine,Cytidine monophosphate,Itaconic acid,D-2-Hydroxyglutaric acid,L-Serine,Succinic acid,Succinic anhydride,O-Phosphoethanolamine,Alpha-Lactose,D-Ribose 5-phosphate,"Oxoglutaric acid, duplicate 6",Phosphoric acid,Fructose 6-phosphate,D-Glyceraldehyde 3-phosphate,Malonic acid,Maltotriose,Fumaric acid,L-Malic acid,Galacturonic acid,Adenosine triphosphate,Uridine diphosphate glucose,L-Homocysteic acid,NADP,Guanosine monophosphate,L-Cystathionine,"myo-Inositol, duplicate 7",Glucose 6-phosphate,Oxidized glutathione,6-Phosphogluconic acid,Guanosine diphosphate,cis-Aconitic acid,Guanosine diphosphate mannose,Citric acid,Guanosine triphosphate,L-Lysine,L-Arginine,Hydroxyoctanoic acid,Taurocholic acid,Loperamide,Pantothenic acid,Adenine,Undecanedioic acid,Glycyl-L-leucine,Uridine,Orotic acid,N-Acetyl-D-glucosamine,Erythritol,N6-Acetyl-L-lysine,3-Methylhistidine,Threonic acid,D-Alpha-aminobutyric acid,Deoxyribose 5-phosphate,Dihydroxyacetone phosphate,Citrulline,D-Glucuronic acid,D-Erythrose 4-phosphate,Uridine 5'-diphosphate,3-Phosphoglyceric acid
pbQC01,PBQC,1163140.882,1869452.072,3849766.756,2955059.691,833449.1082,704128.9094,346251.1931,1480108.744,606850.7168,28602588.97,359443.6701,4077804.76,45201992.79,41616730.37,1483652.505,736984.1272,1049311.202,1617377.269,285786.6021,58739.4982,139419.3067,345775.7232,67957.94393,85924.80379,80755.25278,85924.80379,2033342.278,91618.08224,38865.29416,99436.81875,6281551.431,2691841.102,2107414.326,191605.721,142519.517,5412115.186,3935869.817,3171452.715,747701.1293,678245.8167,1054877.189,20870408.15,884481.7905,2016588.437,383324.7712,147318.0905,237304.5647,223771.1491,15785.53918,882384.0401,2021505.318,138537.6894,1572701.864,230937.9928,394237.334,1957235.747,162151.0237,499835.4019,1777388.402,66459.07864,73363.06339,207308.4307,82911.04787,210865.6898,1002477.744,996441.2417,322221.4193,323238.6616,33155581.99,938138.694,2038228.15,804022.6853,531978.5368,1388441.344,104796.0447,100563.4448,6098354.511,50789.061,13439756.17,10605025.34,699372.3058,8236.116541,22376663.33,32364852.57,46553.11655,58038902.01,116884.0964,6747497.101,4255316.206,6197646.48,2282195.774,186307.0557,874219.2326,3023223.64,134130.4224,3338133.535,13552706.45,778725.7494,3657221.647,257705.2466,2343536.153,277265.0609,2478212.462,852319.1868,10340961.26,412852.2792,316575.1473,94704.42203,290542.7041,18930292.31,154753026.6,80925.23574,443417.4095,1496262.492,70257.75793,597062.2028,4708719.915,186775.1221,4659261.132,1688789.459,1129838.555,67879.73694,698210.0807,688126.5124,231354.7121,10983943.4,250582.7155,326755.4308,594336.3194,22775.771,565138.9889,20252.87577,10587124.27,2005894.898,34288.60894,166800.738,1013435.264,435225.4512,41027.22556,9148.728357,55784.29134,614282.9412,4926566.252,76604.46562,8951.214498,148136.1264,120212.1388,81841.50717,43707.13107,58286.55849,593423.8056
pbQC01a,PBQC,1167141.599,1931902.313,3687331.263,2971077.595,853885.198,716715.0004,383004.2774,1514606.415,626020.0206,29244065.95,360013.308,4169179.252,46724181.54,42993151.33,1482963.252,680299.747,1071143.809,1642579.169,313419.2281,57956.90662,150676.9605,337875.2435,71701.61473,89840.37133,89853.92024,89853.92024,1995430.517,94287.44658,46920.15846,115131.1389,6409370.362,2763380.433,2141941.048,196429.8083,149640.5045,5561213.876,4026987.515,3279709.058,779301.4116,644873.1746,1056967.226,22679571.88,885814.4098,1909689.497,369563.906,141626.4275,264410.6496,233886.5566,19722.01288,914632.058,2080012.368,128946.6555,1593959.54,242888.9001,396204.4717,1890552.376,149093.3071,521701.744,1737680.833,65033.8091,73866.54657,207094.0226,78253.83171,227457.2224,1073446.833,917865.428,484782.4732,500347.4531,33794359.84,1133326.307,2038286.679,807337.3605,522843.6275,1382101.151,105801.7882,94652.86551,5772009.152,59759.52256,13940483.25,10599555.12,662456.2443,7332.265819,22846142.6,34236957.65,44259.55373,58658676.07,120240.1446,7170374.609,4495931.532,6227748.45,2440158.607,198404.5293,883827.5861,3027521.754,132926.6353,3417072.008,13748305.66,782172.5373,3790148.11,267169.0512,2429380.872,276013.2142,2465742.325,919187.6616,9846412.773,402695.1053,280363.572,95127.42346,321418.4302,17970414.41,149591032.8,67562.69716,433376.565,1654436.354,75914.71546,579902.1522,5145602,192675.6349,4648474.482,1779841.878,1101057.679,75675.473,778659.2346,828186.2314,253897.841,12891348.23,277424.1949,336226.3227,558113.2691,18540.94416,705329.2529,19336.49174,10766736.01,2079707.159,28880.93841,163372.4278,1033444.188,474689.189,36707.31636,9845.614707,51214.21499,523988.8222,4451336.611,103903.0823,11657.34665,153316.0955,112487.7852,67562.69716,36355.47255,55862.64272,744198.2372
pbQC01b,PBQC,1180237.351,1904207.046,3965487.877,3059114.532,815164.0144,705416.3863,320622.6195,1456044.145,607608.5655,29295591.82,329626.3735,3896044.155,44544659.91,41255623.14,1470205.101,744851.8746,1024861.947,1592831.178,353770.1909,55292.8616,140611.2273,333274.758,69068.36123,79990.54466,78108.17055,79990.54466,2066670.389,97105.79159,43675.67598,108659.3465,6189849.866,2716109.201,2152447.265,200264.4045,144447.4868,5672839.582,3992137.564,3292067.568,723280.2002,640935.6339,1087299.055,22049264.73,893653.7061,1972196.634,337680.1039,142950.91,253454.1521,225859.0016,18641.09881,926978.8515,2048703.905,126773.9262,1590008.352,239574.2551,441204.217,1990110.575,159106.35,540076.8519,1781306.982,75158.99135,68391.3855,210768.643,81826.92162,229663.2456,1055641.031,1009427.974,352972.2471,371393.4223,34187725.72,1006278.464,2080434.028,837774.181,534861.8367,1445362.943,105342.3554,84913.86458,6127883.718,56543.75829,14054159.96,11037399.16,727388.5532,6522.503198,22974393.16,33839343.93,49454.40351,58163691.08,134895.5229,7026196.478,4436762.835,6298095.713,2413065.668,195384.1724,882551.0976,3045649.286,133129.9296,3346161.413,13056191.52,742404.2318,3640938.069,242171.0828,2221853.784,280380.3741,2410016.103,850315.1535,9927624.766,367782.0507,299248.6071,91308.51524,276403.6999,17916121.08,146624149.7,73704.22276,441802.6617,1532603.773,65158.39079,592063.3111,4901318.515,193064.2062,4518668.809,1658693.94,1100498.594,66146.07404,741308.8751,723006.0428,239531.4587,11205984.67,269534.2479,331143.0632,562922.2125,11421.42333,663181.1951,18424.67054,10415331.92,2001790.293,26531.41073,161398.3763,996236.1193,469048.5325,34130.81913,13285.18435,52555.56464,575356.8233,4740962.278,96263.6449,15528.75703,143104.5017,139349.1521,73704.22276,38128.94751,55034.48763,624175.5524
pbQC01c,PBQC,1163734.358,1869579.398,3893689.288,2954798.55,849453.0625,699788.215,353062.0794,1506165.834,611915.821,29673481.46,355992.5677,4052079.387,45515923.33,42318688.59,1523392.03,773634.345,1051219.266,1648964.966,338033.2574,55966.69616,146157.4305,332983.8926,78199.00711,89648.0851,85114.21852,89660.35292,2098927.825,92958.53748,40094.27146,98464.04014,6311563.342,2700749.978,2105067.837,196757.9815,133927.4371,5292357.146,3990186.784,3258016.551,783962.3903,653127.4233,1082105.456,21890738.28,877835.4567,2069039.22,381307.5599,148415.2508,239411.4844,230553.7819,14228.85504,901349.3178,1985329.904,153516.2204,1543074.2,237544.2022,455531.9376,1983993.45,160832.6937,556696.3955,1759039.669,68015.9358,69297.59415,208167.6428,71946.81879,233650.4158,975691.3657,1025665.697,343916.4587,342429.9587,33687058.71,929525.2526,2033560.995,815359.6586,550976.3835,1362014.759,108279.8367,97711.24935,6126061.619,51434.49234,13618635.64,10893593.97,683509.8693,10426.27221,23048708.12,34004136.15,43750.17751,58562419.92,131065.1942,7205335.485,4428830.821,6308046.932,2414807.25,188883.5916,900282.9169,3015611.344,129287.9584,3310624.117,13336704.99,762337.0075,3607323.242,256941.7901,2349407.55,248669.7681,2428359.279,774939.1927,8646040.927,381868.2938,294465.478,80729.79999,274333.7034,18773849.61,153998398.5,71999.17542,443865.5018,1479869.231,66720.72352,591050.0769,4712177.165,194005.7562,4650306.865,1645227.067,1155938.181,67917.76392,717366.5304,733523.1148,229034.2879,10220287.64,241329.8346,330595.2859,571952.2449,19203.75452,612131.0109,30575.19489,10521722.6,2123183.703,28062.71147,165612.0956,1063809.038,446322.4538,32953.78036,10363.9446,53796.32435,618945.3342,4770161.924,79735.58536,9468.413318,152034.9769,159137.0003,71999.17542,37022.56968,51203.86213,556104.0797
pbQC02,PBQC,1386986.756,1918682.567,3688957.115,3119277.679,773514.9855,760506.9991,321745.5926,1603607.685,654901.4327,31959517.95,361082.8451,4401299.858,49488638.32,46470678.15,1649996.217,778648.8106,1131518.457,1694410.246,348235.6193,63419.52735,164306.0565,392744.0511,80286.19454,91580.87421,80886.27762,91580.87421,2149176.159,95302.19853,35538.74875,83857.79372,6832692.056,3144471.665,2110023.441,175499.929,129422.2004,5569949.379,4032387.701,3728910.096,761941.993,661433.1933,1143060.89,17953466.93,881696.4285,2194237.64,356460.1313,183541.713,241766.5356,244029.4064,16242.79457,910581.9265,2037367.508,209851.8391,1612304.68,255048.6503,405357.6584,1874360.179,167862.2728,561849.7064,1975813.201,66883.4723,73771.44085,244323.0796,94590.11409,286774.0996,1041009.825,956372.0155,404857.7895,401826.248,35224193.46,1039648.934,2164965.808,802748.7131,772279.0237,1489125.217,118847.7086,108677.7434,8455421.277,44800.84311,13330257.31,12967084.36,844577.7583,10385.33434,22017574.14,33326072.78,51968.11487,56058988.89,126863.3346,6759456.511,4615384.65,6214775.503,2553433.843,189386.3266,1075369.929,3583103.574,149215.6871,3776657.46,16373108.32,756924.5511,3593834.686,274325.6962,2289073.816,283113.0269,3092464.085,804203.7307,10623155.56,432052.2268,339717.4327,111689.3825,284668.1728,17395081.9,137996143.2,109899.0055,550861.4906,2352582.028,78621.244,705987.4096,4554745.05,290512.0573,4506859.5,1948732.276,1550622.87,87305.20218,860334.7187,1055488.475,270299.0154,13228962.53,322774.3072,425352.1483,616720.5527,24372.52696,362430.1717,21367.94871,12890079.36,2421975.64,42077.46549,245655.1429,1196151.681,439009.4244,42544.67094,8689.609615,76704.15279,1060918.582,8686935.22,114754.1118,13955.80034,263509.3807,97152.05745,109906.6097,63141.94976,89783.61516,930915.7597
pbQC03,PBQC,1191231.662,1836766.277,3313404.492,3006978.19,693376.088,732009.7373,370713.5246,1525876.212,636873.9863,30339036.83,344021.644,4349506.201,48684276.39,45591654.69,1585516.715,810829.043,1120992.079,1760936.052,369618.6774,58522.76376,162785.4022,387333.0391,67421.83354,92792.7943,81722.9283,92792.7943,1528601.857,92546.19555,33558.9844,64609.47415,6690766.991,3480673.331,1947718.128,186233.809,102291.3615,5717985.028,3744706.593,3029915.948,787043.1445,640397.9925,1577379.778,12236979.39,841941.7509,2435636.485,310994.6527,194671.6946,181701.437,209012.4657,18032.58654,890513.4426,1893067.968,166154.7765,1614056.589,206453.093,474829.2373,1852672.201,157553.2031,499313.0675,1838976.011,61486.09454,69299.53532,200339.5242,82708.25074,211632.2722,1035615.44,869853.0108,355637.1445,350834.4412,33887638.25,916038.159,2251269.518,758843.7646,643218.9597,1643995.146,127392.9715,70279.66448,7797027.324,34141.24779,12924667.45,12365094.85,879783.6882,10405.24276,21458602.55,32012413.51,43345.97892,56460066.42,114509.5284,6549089.214,4035475.617,5866903.832,2278843.748,174379.2596,889835.2535,3164482.859,131698.7121,3515577.999,14592313.75,835349.518,3642997.984,316552.4855,2097250.25,208810.236,2605061.35,713207.4316,9780491.124,452957.9092,349957.3308,94589.99965,241162.9571,15824655.09,122903043.4,72841.50471,457809.2666,1918901.921,53539.95186,657136.3746,4710684.99,238734.8132,6503084.383,1350911.59,1302259.62,69453.51919,712803.9154,693669.7309,226650.0831,7746072.424,254344.6267,328239.014,581501.8908,29009.20752,391604.7912,15661.36798,6081959.257,3418302.632,19038.06281,97774.49995,409709.632,189109.9418,66351.26215,5900.669829,81209.60585,851059.9603,6009444.03,63566.67227,10841.15609,148294.8089,170351.3922,64378.10418,46165.84339,69934.67082,419724.9832
Q96 1,Q96,1317427.684,1872870.837,4133169.429,3197124.094,849745.5957,810125.6302,336640.4169,1493222.678,667037.076,28937368.35,352970.5995,3541837.879,55158524.84,48491333.22,1356326.071,319714.0617,846241.2232,1135610.207,318829.6568,55191.0196,209223.2534,703384.7811,78948.88059,80790.17562,76114.97704,80790.17562,1454004.232,88527.67556,45866.74884,83985.83966,7083563.603,3091947.37,2516750.161,190224.2929,132242.0563,5486104.33,3942348.502,3702747.606,827450.9166,643220.7308,1320080.749,16230103.49,677310.117,1947269.739,349775.5484,208047.9768,220119.3469,226957.8351,14212.32352,900580.4314,2172467.265,207398.43,2070068.344,227333.979,486453.358,2030432.133,177687.1536,619145.0574,2128752.794,63545.81449,69218.68668,215287.0558,85693.95772,280806.5431,1181597.211,258937.6773,432517.6612,428471.678,32580411.04,968229.3289,2187181.489,795767.0282,819330.198,1755779.605,136466.6603,126656.7743,8773468.692,44242.22033,12823067.51,11996314.68,834134.9802,11189.25275,22451497.59,31464090.19,55259.24328,54355161.55,144307.6228,6161444.88,5057791.988,5790049.327,2295339.829,178877.614,911134.8034,3435667.83,131625.6237,3971238.542,16755454.44,947239.63,3733601.147,275545.1468,1735691.731,315013.9636,3983989.61,770851.0354,7859590.492,489342.7029,420539.3168,100318.5439,330099.0694,17330166.96,144202703.2,108524.3265,503098.4961,1906448.462,86972.37783,543286.238,3861518.384,334520.0664,5240574.304,1825591.702,691004.3918,115355.2217,688157.064,381720.7858,255349.817,3933760.775,302207.6328,458358.4974,910272.6272,32310.58004,130718.4482,15447.76881,11514303.22,1457224.167,32091.86726,286149.476,1367582.234,337857.1861,61289.46543,9123.251057,76636.29831,906640.2992,6723917.229,121928.0963,16821.05149,268031.6932,126101.3832,108524.3265,50721.4345,65444.51485,445995.014
Q96 2,Q96,1274933.862,1831407.782,3791316.244,2971481.557,730442.1518,867312.3194,514141.5159,1916097.543,815462.972,41620820.89,335083.3309,7022768.577,51283216.33,51356803.7,3035283.816,4126741.59,1522855.671,5041774.063,686906.828,83264.55551,213295.6893,873218.7958,102765.1763,117738.0787,105420.6261,117738.0787,1280253.798,105199.5433,41285.66449,71176.26942,8164460.594,3898952.879,2875679.279,211204.4675,118890.2729,6519966.877,4633172.967,3897942.543,1104758.776,770733.3631,1380126.272,16423118.81,800711.1502,2245960.849,324136.0766,202592.9458,341332.2755,301285.8891,18711.30526,1180177.342,2598173.295,293200.4872,2487248.035,170191.3468,462943.1178,1804428.755,190870.5421,618668.1058,2083568.102,76223.24277,66363.14217,241666.3751,142526.2946,341205.1128,1069893.418,318353.0607,396388.3082,414453.9847,32982317.61,1076151.852,2206167.274,843988.8158,1030894.725,1957047.074,142932.5752,108073.2416,9389399.311,37288.54434,13425736.08,13165077.65,938128.9019,10928.58979,25067403.67,33598357.09,56954.87102,57761890.09,132086.334,6778396.375,3836659.024,5679828.485,2524093.333,197085.9162,1189167.211,3687675.521,161832.0558,3980829.679,18602573.29,1006722.589,3917041.423,323198.9837,2227644.44,165993.0065,3786363.755,746859.8346,11061816.49,609319.0119,458114.7424,93981.32741,195821.2486,18034493.56,141653645.4,102397.3207,596027.2625,2350040.287,90959.6796,736566.5653,4402185.197,252405.6034,4920377.576,2235747.446,861691.2313,140530.5538,871302.2012,796511.278,276263.0143,12702397.47,303573.1938,466915.9205,983353.7553,22563.02048,530621.0336,14876.17544,11161567.59,2895699.723,35479.3099,199904.3595,1108965.172,336841.107,62426.75775,12140.11812,112662.5834,843978.1286,7319195.619,155866.5205,16388.14245,306134.4486,154883.8762,102397.3207,51593.1746,121646.3049,959114.3661
Q96 3,Q96,1206664.193,1863659.997,3950886.748,3200409.756,924505.9686,707609.7805,330715.5018,1330823.933,570557.855,28107479.09,320608.1208,4168527.747,41080429.11,41731870.63,1828976.947,1464776.378,1080334.57,2337406.68,377903.0878,59858.6733,185794.7777,894088.0964,69124.18319,75689.40058,71359.73766,75694.56306,1936265.22,84736.88898,37454.54927,87518.23612,6021811.528,2512462.651,2201700.293,167642.2498,107823.4707,4474104.891,3265842.75,3111265.762,872021.3178,518802.8009,935749.9698,18900262.48,660499.2696,2043520.29,329569.0478,152905.9793,277054.2591,226597.6835,11966.41541,883575.7721,1777487.583,144969.2762,1376063.705,239620.9391,290507.999,1626465.798,189240.3455,552593.281,1101569.114,64378.53543,47055.70481,165490.7966,85061.43484,266165.1139,1002603.11,9006111.104,358631.7899,359561.695,30288947.43,742805.5807,1725695.126,775278.3503,486455.3496,1296557.193,89763.89879,93152.9614,6178784.114,30368.37882,12621222.93,10138405.67,1381442.386,8617.401231,21232332.7,31085295.65,75746.19426,54903897.62,132915.356,6456384.369,3718399.811,5508622.804,2327503.848,183643.9454,682961.5739,2673839.161,120030.2734,3209626.245,14303788.54,686458.9234,3741832.972,239252.9453,1919664.482,181675.4891,2046074.462,902754.6558,9514726.06,462344.3704,431399.4579,89537.4096,168925.6745,17116569.67,140207340,77740.30526,467901.7635,1265612.556,63235.41165,514358.5906,4069635.566,80143.90186,3963903.331,1623821.794,766275.4523,67134.89202,659647.268,583957.9616,219323.5042,5944931.67,231867.1307,310200.5018,554119.63,21678.70936,350691.6359,15886.58758,11815642.41,1901664.501,28738.2352,166876.5267,912453.4741,376892.2442,41081.73124,6036.36912,60533.02115,417164.2211,4598347.666,92397.75246,12718.83142,184747.815,165103.0724,77740.30526,60154.77236,50933.9089,456392.2599
Q96 4,Q96,1021232.632,1905512.46,3405233.807,2783671.808,699023.8401,533442.9151,256003.6426,1242332.843,483764.8879,24459789.11,398714.9121,3386232.309,37573656.61,41654410.14,1059303.292,309592.5464,898218.9093,1459777.524,371560.8955,63985.54365,184485.2261,591794.0195,74671.13991,108076.501,94689.20968,108080.7918,1762873.807,85605.27921,31823.01953,80925.93601,6193359.171,3122704.223,1427742.95,195704.9116,114977.7558,4180168.395,3443550.7,3644290.709,570914.4492,662001.6855,921997.5227,21356837.89,798791.8585,2194752.548,338916.7234,125414.6276,301919.2801,223419.6957,18353.48405,766320.1241,1566971.247,123411.9334,1063131.462,136033.6455,427989.9297,1942531.677,154710.4373,472293.9836,1233251.291,76619.94526,85194.32509,170647.522,72234.17714,184779.441,892339.51,187870.0298,255182.3828,250158.2296,35842874.24,975005.1108,2343310.96,710241.8711,405837.0785,1644734.187,120998.8637,101903.5161,7545217.759,40558.33185,13309921.61,10721090.69,806326.8299,8475.08616,19748218.32,33872600.66,42010.63274,58274148.25,102266.3898,6924291.919,4099968.928,6321271.42,3224919.801,166576.9076,927967.6573,2913289.331,135849.3692,3099205.542,10563454.97,739856.1679,4200065.513,307277.9435,2203264.724,199235.0278,1222890.308,969994.587,9835406.334,459802.478,279829.4282,73225.5961,187373.1148,14660804.35,116240990.1,57815.75282,706284.0655,1588983.161,53458.80225,750381.6505,4466598.216,192749.5013,6812483.597,1193416.489,1497957.551,19387.06804,853105.2609,781840.4739,209812.1881,12113788.2,248056.8506,261082.6244,450290.4345,18887.34339,496874.9942,11696.03273,9529597.977,2947273.45,29487.78227,127569.2726,952976.0988,338607.8618,32702.72265,4981.046732,45607.40809,759576.9428,3460894.956,95046.69386,7332.337204,75881.9149,130329.6008,57815.75282,55989.84787,94879.56885,390279.2409
Q96 5,Q96,1281143.259,1857928.209,4049030.149,3031275.659,728033.7333,604681.0128,329072.7612,1331204.056,534566.9667,29329654.62,388075.5331,3785165.251,51777021.81,47799126.26,1323599.036,345702.9913,953502.2964,1474778.404,326956.0552,57074.93122,176756.6986,489007.9412,74583.13758,105348.909,101695.297,105348.909,2299849.232,96515.8259,39765.2708,101977.1887,8518842.201,2772354.736,1770335.522,189970.9842,152345.0929,5196713.282,4521221.482,3919909.077,681702.7101,840045.6626,1023848.362,20246191.66,1113614.543,2582644.419,404783.6447,169068.0909,340630.5177,362034.6124,21810.39386,832764.6884,2461254.912,173448.3256,1291361.998,374725.7388,520809.3447,2144711.985,174904.7535,572017.7429,1894677.149,78542.64289,98628.09455,249745.8531,94394.47934,260079.3788,1025734.386,291940.8566,339381.0033,331633.1841,34732322.14,1029323.332,2332634.248,849513.7787,561546.5788,1267822.057,93082.46129,71257.39037,8127561.447,54187.1585,13911782.44,13330145.26,776150.2703,8739.832677,22997722.32,32595553.75,42207.68268,60379624.47,127851.0576,7624000.748,4940571.901,7214492.926,1939669.096,205412.2585,764046.2819,3468454.313,153797.0867,3457254.344,14419483.42,781321.948,3428010.427,274214.5961,2578174.429,147219.2411,2390655.303,812028.7901,11677925.35,361615.6611,336852.4344,81433.69655,201325.9069,19125431.73,150486502.2,94391.95153,320865.4337,1875033.578,92937.59653,725831.3569,4797809.149,338757.942,5194538.627,2530437.803,1262439.932,43252.64849,802346.2527,1128189.805,255814.0086,18482605.88,263992.6464,365885.0846,502004.376,21813.08385,534390.4053,16564.51223,14943927.27,3084689.28,31167.17605,183799.0953,1069049.945,539132.3503,34940.74254,8925.719627,79101.95383,986370.7958,5384346.701,69121.29066,14056.38039,169622.7112,34343.41619,91008.19378,57738.11058,42443.76209,786390.6895
Q96 6,Q96,1234776.167,1898636.519,4181885.674,3141042.786,835284.6819,508725.4765,263027.8096,1236530.352,497151.4366,23969254.23,366492.5793,3326164.434,42773640.6,36685116.82,1124469.851,290533.0088,923274.4068,1101638.37,296013.0493,56516.76838,164386.2067,444741.5287,50562.2858,70642.10786,66538.03148,70642.10786,2447763.207,88787.66405,24261.93196,89764.13365,6371747.933,2144748.464,1587718.406,177592.2886,130733.712,3897532.954,3837066.736,3464771.333,654787.2106,538838.104,850954.5377,17703818.62,1105819.236,1863222.043,377068.7363,149440.528,309145.6558,263890.3353,11011.18576,793359.4106,1942443.692,142681.2801,1152219.374,246488.9461,338643.3343,1728797.956,146962.9414,541550.2375,1694001.035,57754.16393,65843.4057,205375.1488,69628.78363,235555.6338,820687.2913,212789.5104,272435.4346,278598.5934,30259487,931993.7134,2390030.162,770227.6003,444973.1262,1350211.232,108134.89,79705.5733,6214463.155,41584.78585,13310058.67,11027190.84,100922.597,5291.919105,17413605.38,30747158.32,15359.37636,53668611.17,71992.08997,6664013.227,4405779.428,6186459.455,2130582.474,171909.2224,828935.9173,2802095.803,127137.2621,2848439.925,10846390.24,598018.4154,3029564.551,222356.2506,2172241.63,204846.8479,1973573.621,913038.806,11053621.69,342052.0761,271288.0418,71576.53342,233006.1,17255046.17,141846738,88280.01573,396832.3189,1531010.711,104576.1402,691275.3749,3974932.448,195636.2909,4893328.898,1798976.155,1071756.875,51540.13776,749290.2081,847766.3996,211234.0748,14420292.15,274050.5095,239151.912,351856.9373,21675.78239,1075499.176,13573.93022,8871054.465,2160214.134,36587.14731,147504.6003,1001705.759,365478.5524,39024.29974,8828.002463,46570.89365,792594.0558,4393312.669,61577.0992,6943.415936,88851.84656,180376.1391,88280.01573,52181.92543,58478.57764,539009.3228
WT 1,WT,1118449.195,1789147.693,3594532.639,2799757.772,734562.9483,735974.9929,369537.1383,1459074.182,512498.0073,28861649.28,333660.0254,3680319.075,49103750.04,38482589.21,1331914.968,326750.1404,1100819.63,996911.0913,237574.8696,61668.7583,184728.1778,724495.0393,78224.77483,79863.46293,76931.02913,79863.46293,2520845.37,83849.06803,36225.03413,110313.0196,5692671.764,2663549.631,2311564.49,188242.7209,172951.3404,4205370.872,3536391.731,3222969.428,713862.1316,703115.7526,1208193.014,20650478.74,844220.4704,2080837.525,360609.4257,175380.1194,347440.6253,196603.0648,14001.33302,817748.1557,1732351.458,126382.3369,2238835.191,309811.1135,545082.2078,2180604.452,154825.8775,495991.9746,2493806.472,64278.50788,115658.5151,215827.9781,68933.37119,212007.2943,1143569.701,217779.5547,331279.2728,332064.9504,37174797.94,1009381.789,2258361.924,934440.6537,537542.866,1522601.809,111787.1914,99666.9708,6487257.851,57374.88229,14033736.09,11710374.83,140980.0131,9861.119558,24588104.71,34648686.55,15967.6765,59862669.97,149917.5385,7063574.025,4043398.618,6726095.157,2973373.415,195974.0546,1297906.352,3124936.511,130254.476,3542443.751,15394279.04,783354.9848,3785423.922,255762.3173,2431866.801,397057.6203,2329211.969,546732.8795,10195877.47,443404.9864,360816.0791,78486.94144,441119.3578,17078677.6,137766142.9,80635.33257,671613.7161,1710142.164,71289.76832,568391.6486,5343257.738,243822.8649,5120704.432,1849185.61,908826.1054,104210.6246,798565.6855,647409.5972,273198.1422,9865535.643,295110.6535,397964.8983,688307.9955,30511.08344,536196.5029,18892.21171,14540529.97,1982734.606,25086.79313,179182.9233,1041279.51,306917.7919,47892.8168,10437.80769,66092.94057,521028.7407,4930278.781,91735.22922,9449.559041,190369.6607,217988.8971,80635.33257,47697.43421,95192.63994,1415955.822
WT 2,WT,1112440.769,1802954.176,3346966.03,2822574.93,785267.0564,815416.2743,371734.9871,1613920.287,551733.8141,31821230.75,430973.2258,3849632.595,56010946.42,51018018.22,1598603.196,364315.5484,967666.4381,1513829.442,351681.0359,72049.48184,208318.822,637417.3937,90089.18515,120890.0913,96630.65055,120873.124,1511324.77,83954.0345,24589.6303,61512.59726,6305424.83,3077126.1,1478818.5,178437.4394,116719.9005,4330648.675,3459938.048,2938392.714,598270.504,683536.8846,1528466.333,13955593.87,787188.193,2604143.2,369628.2288,181345.0405,252539.8967,152545.9115,19649.98598,750545.0203,1601178.258,119712.1506,1502326.267,198328.7294,404876.2618,1937075.567,152824.0955,526663.9517,1365117.105,52848.09844,55406.31896,194353.6189,54052.97646,224343.9596,1029017.642,161471.9148,340669.2894,331751.182,36044297.74,968952.2446,2095723.152,784633.7122,566885.0004,1129884.436,83711.65545,44641.43532,13439793.18,42712.30241,12528496.72,11371722.87,126262.5793,10825.51097,21490970.7,30119136.63,15807.42754,54490357.46,108496.9801,6097146.529,4622672.573,6193753.295,2018235.823,173161.6001,1002444.6,3129359.751,137441.2961,3252447.706,13728587,799932.3649,3274127.687,246153.2881,2055024.225,328265.8067,2495827.375,588544.4359,8633816.779,382437.848,336244.6277,82119.68671,330369.1361,14669421.39,117276659.1,70594.93853,359577.6073,2036252.002,39068.00142,588653.4737,5117219.893,220845.2912,7532120.803,1265103.046,838562.9893,77507.16115,633251.7843,407112.0742,226106.6569,5250130.442,226362.759,282104.2987,495672.0081,33285.79567,307310.5043,11211.09831,7256832.464,3052509.444,22353.56154,109724.2016,463516.388,144403.6234,54102.888,8047.471201,52644.04653,894472.8031,4563140.955,86326.85942,11158.55751,136798.4017,143703.1409,72394.20587,52451.56994,48377.22932,212801.2815
WT 3,WT,1243911.987,1797992.8,3501806.967,3013178.598,704910.5311,784986.5321,60797.8799,1666275.535,662594.7892,32560581.01,335812.9034,4453371.362,48564838,46872677.5,1407996.111,352719.8619,1135328.539,1507406.492,368899.8721,60941.78793,187447.0974,717544.0297,77787.36124,91381.2345,85746.66202,92238.5141,2841222.76,90668.25428,32091.91163,96509.85863,6758091.673,3395669.128,2519582.137,219971.7949,143114.3814,5524438.3,3901950.338,4345248.465,864408.8671,730802.5745,1247716.094,21617872.47,786478.0782,1661841.296,331117.7198,168247.8848,271779.4508,196528.4235,20655.6142,921728.2145,1936268.768,210053.3687,1898897.466,299415.4638,475481.6611,2255956.66,162279.2731,630975.2589,2698464.528,55069.91763,64385.29148,243138.4585,100195.2957,241827.9908,1057473.432,241758.9361,382571.0003,387254.5401,38808480.73,1044977.867,2281421.783,794955.499,753926.857,1426939.213,104775.0572,101330.7604,7087169.145,58812.76648,13558549.33,13040993.86,1536414.886,8025.151323,25274868.92,33837407.29,122461.3265,60171547.45,139538.187,6930515.141,5117806.21,5475882.297,2770081.714,202866.9569,1296060.307,3556108.144,145973.6689,3757893.941,17600588.3,899272.0824,4004078.542,287991.1657,2352007.596,271678.2572,3260242.556,676871.3875,9874656.035,420522.4285,449502.3768,78615.48126,296807.1706,19776636.77,152870060.6,89611.80657,540147.1004,1876113.431,88094.26429,633935.4372,4958174.994,268870.2303,4071278.595,2232573.61,909458.2285,133297.9463,827666.093,816947.8639,284185.3572,13685695.81,325865.5184,463191.7927,892332.8785,23087.46239,186666.5573,11148.58165,10897416.36,1662454.433,27014.39507,263626.354,1289631.737,428479.2684,43770.26262,5948.851483,72617.21031,978813.0716,6064398.447,94633.46029,11506.35262,308277.9403,127456.9335,93800.86374,48443.72516,101842.0732,1165402.506
WT 4,WT,1013810.729,1885560.339,3562362.586,2919830.223,771348.2349,720622.1214,300373.5727,1637150.703,558443.8054,30477497.82,391130.5778,4652304.167,40391072.77,37592345.03,1390685.673,334186.9678,1437968.273,1195091.82,292645.2488,67949.14121,184096.8534,638080.8645,47185.8548,91560.181,80802.03977,91568.58195,1652837.627,89972.54067,35839.69457,55662.25801,6181576.268,2829149.731,1477388.832,178007.3807,112739.3339,5213175.374,3048488.899,2895779.7,632355.7359,531631.8105,908029.5152,18808789.39,736323.0027,2538566.248,290219.5788,85707.95933,187414.321,140784.835,14043.66913,719791.9806,1356470.117,84614.98649,1088379.255,184006.7692,119475.1536,1201511.798,140151.3304,426643.6892,1095650.946,58335.53365,46301.03658,162684.6281,70048.89443,171359.3867,980198.6193,200517.5745,208345.8227,207228.7645,30967709.81,596550.645,1748658.618,674658.2445,395987.2036,1494149.461,108948.7543,88393.90229,7239065.354,28881.32436,11233725.75,8218700.454,109920.0556,8352.514424,19607166.11,28993933.7,14399.04497,50845033.87,100202.2769,5763319.933,3071840.874,4706263.632,1754492.042,144277.1086,642276.706,2363880.985,108616.656,2375943.439,8433703.967,595273.3243,2860019.194,212024.313,1684351.11,202252.0226,1745617.684,678610.328,8030441.201,407579.0727,290156.1234,84216.25363,222725.906,14491933.71,116015702.2,58901.27368,302535.6961,1217389.036,28035.09392,482590.9136,3723238.632,164851.2024,8782023.357,1051545.147,816455.8184,65703.25126,526124.6501,477268.1074,163913.3849,5939592.52,172106.9306,221959.9982,410383.0274,28847.99543,197784.2725,15023.81239,9758585.826,2414606.405,28946.06009,183223.6821,960189.6979,343081.7632,34410.5043,7891.510813,43768.57178,367395.7186,2562768.803,79165.01554,8828.783212,129211.1139,146556.6991,58901.27368,35384.53931,38040.26091,212480.4717
WT 5,WT,1040418.094,1882385.187,3959691.992,2917915.53,735351.508,815811.0642,256390.7126,1892886.083,621303.0941,35377140.47,395892.717,5300682.996,47026979.59,45246893.29,1480650.41,353895.8462,1240774.01,1253794.785,282466.8645,44052.91488,136289.1778,282002.1136,48330.47134,54294.08765,46899.83362,43507.04984,1776810.123,116144.1471,30438.62406,67892.26067,7101645.796,4851552.051,2065015.237,161741.575,89788.97903,6826235.433,3873217.405,3696400.124,865456.634,701563.2031,1658746.349,16605655.67,930524.6352,2673331.875,339605.2015,128631.5211,240179.3645,176096.5749,18781.19277,963105.3273,1777201.333,181686.9651,1350330.028,120972.4405,536104.3804,2266878.069,170466.2426,608169.917,2434394.175,77499.44693,67307.3168,207562.2588,132773.0501,252812.4602,1091435.254,551818.7084,287597.6714,287776.5791,33726539.51,833862.127,2271305.824,727364.4327,648524.0065,1652948.854,115720.3183,83641.14134,7991069.081,25782.18636,12574462.15,12934987.71,1691395.454,10062.26759,23305435.68,34631230.37,72683.69214,56266060.69,98241.13228,6685191.217,3661572.1,5484123.594,2053862.43,158754.7392,680404.4831,2992490.034,142131.5596,3203874.321,13507723.61,782138.7504,3801638.129,291414.473,2250987.575,223220.7004,2085061.953,848211.2929,11078595.34,370126.6648,319357.954,116938.3607,299625.3129,17626588.54,140822960.9,68320.84543,365545.7156,1686976.639,56150.37362,771742.4815,4838389.154,254617.5005,7526727.19,1351583.466,1504043.847,31888.82957,684761.4277,827300.1466,217922.1072,11012571.77,208233.7749,284694.7029,516446.4891,17546.65403,244638.8261,17774.20025,6882550.529,2268706.651,26620.89792,164860.5312,731462.4568,572095.0743,36252.24496,6788.682153,51080.94949,534446.4092,3841699.093,106331.6171,14701.84015,86084.54415,120258.2168,68320.84543,45667.54837,50419.48303,288295.7212
WT 6,WT,1045562.018,1866672.639,3714300.38,3108010.667,678180.3679,814329.4575,302935.7277,1734646.419,586756.4516,30463303.62,428587.3516,4309905.317,47458300.85,42149747.43,1373796.991,299201.4,985693.1484,1024273.56,282066.3335,50626.0513,149339.2322,378910.8704,62829.08744,63346.11639,57614.26858,63346.11639,1716336.523,110648.2518,41978.83263,67196.73533,9248398.42,3444564.461,2147994.867,174858.7844,109400.5626,6980291.682,5078334.749,3431223.364,851928.3422,567483.3067,1150317.677,19042666.23,1129367.447,2678389.454,260586.0989,117231.0687,203703.8514,284288.4663,17000.4595,1060814.796,2639942.31,167874.678,1221932.011,235243.034,453150.998,1860598.95,135684.0515,502839.8244,1422959.286,55310.74389,70201.94193,217995.812,43417.68795,200436.6873,1147756.286,183223.6814,224289.0396,224042.458,27227201.98,758446.7312,1872088.679,621736.9904,380345.9097,1177327.856,93350.63854,88957.14131,5638740.358,29840.68877,12835629.13,11196320.95,792863.0066,6423.153331,21119065.04,30170496.26,43618.56517,55480292.33,129614.4664,6467875.49,2961752.436,5281896.9,1380428.322,171241.3984,420432.0418,2490007.832,130946.0287,2557285.725,9490346.693,619280.465,2897240.927,250737.5878,2000924.563,251682.368,2747564.866,739344.1717,9562417.427,247580.9898,270226.6649,93686.28278,283537.475,18330136.14,141516373.2,71826.62194,228471.1495,1313826.067,38014.67637,571611.8653,4031555.118,269991.5612,8163229.143,1377677.78,657880.5336,33420.06935,483047.6356,577203.1267,190118.7541,7465402.054,167585.9761,350258.8899,409248.4224,17044.74992,340044.5485,13984.02773,10704672.76,2662184.598,37192.37126,287699.6218,982911.0784,408717.0153,40229.68145,5482.482552,37390.53282,595873.3565,3004882.178,60208.51539,14410.00066,72730.57202,182628.3254,71826.62194,39186.36545,24667.49409,134777.097
