Ensembl ID,Gene,Description,Biotype,log2 FC,T Statistic,p-value,FDR-corrected p-value,DE_Direction,zdb_id,ensembl_new,ncbi_id
ENSDARG00000088298,si:ch211-235i11.4,si:ch211-235i11.4 [Source:ZFIN;Acc:ZDB-GENE-131126-23],protein_coding,0.565421905,5.639318396,5.96827e-06,0.000845496,1,ZDB-GENE-131126-23,ENSDARG00000088298,undef
ENSDARG00000075445,psmb5,proteasome subunit beta 5 [Source:ZFIN;Acc:ZDB-GENE-990415-215],protein_coding,-0.279137808,-5.3512166489999995,1.27569e-05,0.001370885,-1,ZDB-GENE-990415-215,ENSDARG00000075445,30387
ENSDARG00000097839,si:ch211-235i11.6,si:ch211-235i11.6 [Source:ZFIN;Acc:ZDB-GENE-131120-95],protein_coding,1.022187572,5.070552848,2.6841100000000003e-05,0.00224651,1,ZDB-GENE-131120-95,ENSDARG00000097839,103909096
ENSDARG00000096971,si:dkey-206p8.1,si:dkey-206p8.1 [Source:ZFIN;Acc:ZDB-GENE-131127-460],protein_coding,0.558439738,4.821016454,5.2094399999999994e-05,0.003515704,1,ZDB-GENE-131127-460,ENSDARG00000096971,undef
ENSDARG00000110064,clcn3,chloride channel 3 [Source:ZFIN;Acc:ZDB-GENE-030131-1699],protein_coding,-1.367364737,-4.804091074,5.99207e-05,0.003851639,-1,ZDB-GENE-030131-1699,ENSDARG00000003269,559340
ENSDARG00000071086,gpr155b,G protein-coupled receptor 155b [Source:ZFIN;Acc:ZDB-GENE-110815-2],protein_coding,-0.44706816200000005,-4.762496185,6.08646e-05,0.003898192,-1,ZDB-GENE-110815-2,ENSDARG00000071086,100005567
ENSDARG00000070461,zgc:154061,zgc:154061 [Source:ZFIN;Acc:ZDB-GENE-060929-922],protein_coding,0.762774765,4.731002398999999,6.61803e-05,0.004110955,1,ZDB-GENE-060929-922,ENSDARG00000070461,767755
ENSDARG00000042839,dph6,diphthamine biosynthesis 6 [Source:ZFIN;Acc:ZDB-GENE-050227-15],protein_coding,-0.6811083609999999,-4.685689058,7.46526e-05,0.0044599620000000005,-1,ZDB-GENE-050227-15,ENSDARG00000042839,503603
ENSDARG00000116759,CABZ01053323.1, ,protein_coding,0.617488492,4.574972075,0.000100189,0.005443494,1,undef,ENSDARG00000116759,undef
ENSDARG00000089833,asb13b,ankyrin repeat and SOCS box containing 13b [Source:ZFIN;Acc:ZDB-GENE-091118-116],protein_coding,-0.39251522,-4.521177643,0.000115575,0.005963797,-1,ZDB-GENE-091118-116,ENSDARG00000089833,556808
ENSDARG00000058270,COLGALT1,si:ch211-114l13.7 [Source:ZFIN;Acc:ZDB-GENE-070424-114],protein_coding,0.520160074,4.519562416,0.00011611299999999999,0.005980276999999999,1,ZDB-GENE-070424-114,ENSDARG00000058270,567859
ENSDARG00000014230,dlst,dihydrolipoamide S-succinyltransferase [Source:ZFIN;Acc:ZDB-GENE-030326-1],protein_coding,-0.38126693700000003,-4.438794756,0.000143814,0.006851788,-1,ZDB-GENE-030326-1,ENSDARG00000014230,368262
ENSDARG00000044812,ttc17,tetratricopeptide repeat domain 17 [Source:ZFIN;Acc:ZDB-GENE-100422-15],protein_coding,-0.251336507,-4.438714244,0.000143844,0.0068519209999999995,-1,ZDB-GENE-100422-15,ENSDARG00000044812,569538
ENSDARG00000063594,hipk1a,homeodomain interacting protein kinase 1a [Source:ZFIN;Acc:ZDB-GENE-081031-101],protein_coding,0.5961591829999999,4.416231788999999,0.00015268,0.00710792,1,ZDB-GENE-081031-101,ENSDARG00000063594,572042
ENSDARG00000076496,frmd4bb,FERM domain containing 4Bb [Source:ZFIN;Acc:ZDB-GENE-100921-74],protein_coding,0.314755458,4.367944559,0.000173522,0.007718661999999999,1,ZDB-GENE-100921-74,ENSDARG00000076496,100329900
ENSDARG00000104817,pyroxd1,pyridine nucleotide-disulphide oxidoreductase domain 1 [Source:ZFIN;Acc:ZDB-GENE-040426-1732],protein_coding,0.499878198,4.308324732,0.00020319,0.008583936,1,ZDB-GENE-040426-1732,ENSDARG00000104817,393736
ENSDARG00000056008,atp5mc1,ATP synthase membrane subunit c locus 1 [Source:ZFIN;Acc:ZDB-GENE-040426-1966],protein_coding,-0.43935763,-4.287624168,0.000214843,0.008891706999999999,-1,ZDB-GENE-040426-1966,ENSDARG00000056008,406301
ENSDARG00000112964,chd9,chromodomain helicase DNA binding protein 9 [Source:ZFIN;Acc:ZDB-GENE-030131-497],protein_coding,-0.325041176,-4.266203033,0.000227133,0.00921769,-1,ZDB-GENE-030131-497,ENSDARG00000074498,572355
ENSDARG00000105473,si:cabz01036006.1,si:cabz01036006.1 [Source:ZFIN;Acc:ZDB-GENE-160113-146],protein_coding,0.46806704,4.263032186,0.00022904400000000002,0.009264622,1,ZDB-GENE-160113-146,ENSDARG00000105473,563900
ENSDARG00000014623,si:ch211-212d10.1,si:ch211-212d10.1 [Source:ZFIN;Acc:ZDB-GENE-050208-355],protein_coding,1.026197442,4.261018925,0.000230266,0.009289548,1,ZDB-GENE-050208-355,ENSDARG00000014623,557566
ENSDARG00000100440,fastkd3,FAST kinase domains 3 [Source:ZFIN;Acc:ZDB-GENE-050208-273],protein_coding,-0.39049196,-4.231505243,0.00024894,0.009772943000000001,-1,ZDB-GENE-050208-273,ENSDARG00000100440,100003734
ENSDARG00000087290,si:ch211-202h22.10,si:ch211-202h22.10 [Source:ZFIN;Acc:ZDB-GENE-110914-121],protein_coding,4.64012046,4.222418939,0.000254985,0.009913039,1,ZDB-GENE-110914-121,ENSDARG00000087290,100002322
ENSDARG00000061372,cog7,component of oligomeric golgi complex 7 [Source:ZFIN;Acc:ZDB-GENE-061013-463],protein_coding,-0.274446849,-4.222007057,0.000255263,0.009916453,-1,ZDB-GENE-061013-463,ENSDARG00000061372,768247
ENSDARG00000110831,BX649360.1, ,protein_coding,-0.8556938959999999,-4.207370646,0.000265319,0.010174246,-1,undef,ENSDARG00000110831,undef
ENSDARG00000101406,rplp2,"ribosomal protein, large P2 [Source:ZFIN;Acc:ZDB-GENE-031018-2]",protein_coding,0.265770305,4.207167221000001,0.000265461,0.010177295,1,ZDB-GENE-031018-2,ENSDARG00000101406,335629
ENSDARG00000011934,gyg1a,glycogenin 1a [Source:ZFIN;Acc:ZDB-GENE-040426-2910],protein_coding,0.26441376899999997,4.199142384,0.000271144,0.010316150999999999,1,ZDB-GENE-040426-2910,ENSDARG00000011934,406831
ENSDARG00000111084,BX119909.3, ,protein_coding,4.216948973,4.240708038,0.000271495,0.010324715,1,undef,ENSDARG00000111084,undef
ENSDARG00000038615,pip4p1a,"phosphatidylinositol-4,5-bisphosphate 4-phosphatase 1a [Source:ZFIN;Acc:ZDB-GENE-051113-312]",protein_coding,0.24372655899999998,4.179509783,0.00028555700000000003,0.01069701,1,ZDB-GENE-051113-312,ENSDARG00000038615,556136
ENSDARG00000028786,chst12a,carbohydrate (chondroitin 4) sulfotransferase 12a [Source:ZFIN;Acc:ZDB-GENE-081022-13],protein_coding,-0.261398964,-4.161656551,0.00029932099999999996,0.01106563,-1,ZDB-GENE-081022-13,ENSDARG00000028786,407076
ENSDARG00000077567,angel1,angel homolog 1 (Drosophila) [Source:ZFIN;Acc:ZDB-GENE-111020-12],protein_coding,-0.8613741659999999,-4.1486278510000005,0.000309778,0.011326312,-1,ZDB-GENE-111020-12,ENSDARG00000077567,569547
ENSDARG00000102367,ndfip1l,"Nedd4 family interacting protein 1, like [Source:ZFIN;Acc:ZDB-GENE-040718-207]",protein_coding,-0.348063929,-4.1431000110000005,0.000314323,0.011452843999999998,-1,ZDB-GENE-040718-207,ENSDARG00000102367,436776
ENSDARG00000086645,hs3st3b1b,heparan sulfate (glucosamine) 3-O-sulfotransferase 3B1b [Source:ZFIN;Acc:ZDB-GENE-070202-5],protein_coding,-0.224328202,-4.142917018,0.000314474,0.011454965,-1,ZDB-GENE-070202-5,ENSDARG00000086645,558084
ENSDARG00000009106,serinc1,serine incorporator 1 [Source:ZFIN;Acc:ZDB-GENE-030131-4415],protein_coding,-0.27275441300000003,-4.141787991,0.000315411,0.011466981999999999,-1,ZDB-GENE-030131-4415,ENSDARG00000009106,325690
ENSDARG00000088411,notum2,notum pectinacetylesterase 2 [Source:ZFIN;Acc:ZDB-GENE-120215-77],protein_coding,0.6388383679999999,4.141533241,0.000315623,0.011469558999999999,1,ZDB-GENE-120215-77,ENSDARG00000088411,566040
ENSDARG00000101126,atad5b,"ATPase family, AAA domain containing 5b [Source:ZFIN;Acc:ZDB-GENE-030131-338]",protein_coding,0.628754502,4.130345325,0.000325063,0.011681998999999998,1,ZDB-GENE-030131-338,ENSDARG00000101126,321619
ENSDARG00000011170,ndrg2,NDRG family member 2 [Source:ZFIN;Acc:ZDB-GENE-041212-15],protein_coding,0.20751281300000002,4.102463593,0.000349819,0.012265366000000002,1,ZDB-GENE-041212-15,ENSDARG00000011170,494050
ENSDARG00000037613,lgals8b,galectin 8b [Source:ZFIN;Acc:ZDB-GENE-120727-7],protein_coding,0.856844267,4.101261025,0.00035728199999999994,0.012418768,1,ZDB-GENE-120727-7,ENSDARG00000037613,100334749
ENSDARG00000008966,tbl1xr1b,transducin (beta)-like 1 X-linked receptor 1b [Source:ZFIN;Acc:ZDB-GENE-040426-1192],protein_coding,-0.198970256,-4.070223151,0.000380775,0.012947391,-1,ZDB-GENE-040426-1192,ENSDARG00000008966,393581
ENSDARG00000045248,h3f3d,"H3 histone, family 3D [Source:ZFIN;Acc:ZDB-GENE-040426-1023]",protein_coding,-0.306443578,-4.050738429,0.000400778,0.013371828999999998,-1,ZDB-GENE-040426-1023,ENSDARG00000045248,394076
ENSDARG00000116988,FP236542.1, ,protein_coding,0.421776792,4.0462423780000005,0.000405539,0.013462941,1,undef,ENSDARG00000116988,undef
ENSDARG00000090844,CABZ01054965.1, ,protein_coding,0.483906344,4.034505775,0.000418231,0.013687995,1,undef,ENSDARG00000090844,undef
ENSDARG00000036944,ensaa,endosulfine alpha a [Source:ZFIN;Acc:ZDB-GENE-060503-181],protein_coding,0.32989781100000004,4.030659264,0.00042247599999999997,0.013775461000000001,1,ZDB-GENE-060503-181,ENSDARG00000036944,569530
ENSDARG00000112220,BX547938.1, ,protein_coding,0.578157501,4.028287153,0.00042511400000000004,0.013828421,1,undef,ENSDARG00000112220,undef
ENSDARG00000074572,zgc:56304,zgc:56304 [Source:ZFIN;Acc:ZDB-GENE-040426-2698],protein_coding,-0.209252222,-4.023933269,0.00043,0.013924575,-1,ZDB-GENE-040426-2698,ENSDARG00000074572,406683
ENSDARG00000057374,sfxn3,sideroflexin 3 [Source:ZFIN;Acc:ZDB-GENE-070112-2092],protein_coding,-0.260039627,-4.019621906999999,0.000434892,0.014029307,-1,ZDB-GENE-070112-2092,ENSDARG00000057374,791182
ENSDARG00000030139,sdhdb,"succinate dehydrogenase complex, subunit D, integral membrane protein b [Source:ZFIN;Acc:ZDB-GENE-040822-17]",protein_coding,-0.230923888,-4.003830054,0.000453285,0.014410457,-1,ZDB-GENE-040822-17,ENSDARG00000030139,445500
ENSDARG00000103195,dync1i2b,"dynein, cytoplasmic 1, intermediate chain 2b [Source:ZFIN;Acc:ZDB-GENE-090121-1]",protein_coding,-0.258852869,-3.995237967,0.00046361300000000004,0.01461756,-1,ZDB-GENE-090121-1,ENSDARG00000103195,561612
ENSDARG00000055912,nipa2,non imprinted in Prader-Willi/Angelman syndrome 2 (human) [Source:ZFIN;Acc:ZDB-GENE-040426-2134],protein_coding,-0.41456869,-3.987960479,0.000472541,0.014797615,-1,ZDB-GENE-040426-2134,ENSDARG00000055912,406399
ENSDARG00000100264,thumpd1,THUMP domain containing 1 [Source:ZFIN;Acc:ZDB-GENE-040426-1805],protein_coding,0.527079785,3.984980947,0.000476245,0.014864951999999999,1,ZDB-GENE-040426-1805,ENSDARG00000100264,402955
ENSDARG00000061233,abcc5,"ATP-binding cassette, sub-family C (CFTR/MRP), member 5 [Source:ZFIN;Acc:ZDB-GENE-050517-17]",protein_coding,-0.278487197,-3.979000146,0.00048376699999999996,0.01501948,-1,ZDB-GENE-050517-17,ENSDARG00000061233,336147
ENSDARG00000104839,mansc1,MANSC domain containing 1 [Source:ZFIN;Acc:ZDB-GENE-070209-77],protein_coding,0.43010114200000005,3.9756293769999997,0.00048805699999999997,0.015122077,1,ZDB-GENE-070209-77,ENSDARG00000104839,100009658
ENSDARG00000007737,zyg11,zyg-11 homolog (C. elegans) [Source:ZFIN;Acc:ZDB-GENE-041014-17],protein_coding,-0.261911928,-3.967153086,0.0004990130000000001,0.015326062,-1,ZDB-GENE-041014-17,ENSDARG00000007737,555349
ENSDARG00000075565,lzts1,"leucine zipper, putative tumor suppressor 1 [Source:ZFIN;Acc:ZDB-GENE-081104-431]",protein_coding,0.401878256,3.965354295,0.000501369,0.015361885,1,ZDB-GENE-081104-431,ENSDARG00000075565,undef
ENSDARG00000112924,ccdc6a,coiled-coil domain containing 6a [Source:ZFIN;Acc:ZDB-GENE-030131-7848],protein_coding,0.806716344,3.9612770760000005,0.00050675,0.01547265,1,ZDB-GENE-030131-7848,ENSDARG00000043334,335905
ENSDARG00000096375,march7,membrane-associated ring finger (C3HC4) 7 [Source:ZFIN;Acc:ZDB-GENE-080204-121],protein_coding,0.27356056100000004,3.958400588,0.00051058,0.015550898,1,ZDB-GENE-080204-121,ENSDARG00000057772,100136862
ENSDARG00000040643,ccr10,chemokine (C-C motif) receptor 10 [Source:ZFIN;Acc:ZDB-GENE-040718-424],protein_coding,0.8902456320000001,3.950134999,0.000521746,0.015771553,1,ZDB-GENE-040718-424,ENSDARG00000040643,436948
ENSDARG00000117093,fam69b,"family with sequence similarity 69, member B [Source:ZFIN;Acc:ZDB-GENE-080721-1]",protein_coding,-0.291970955,-3.942531099,0.00053223,0.015958705,-1,ZDB-GENE-080721-1,ENSDARG00000117093,567731
ENSDARG00000116883,BX511146.1, ,protein_coding,0.957028254,3.93466932,0.0005432869999999999,0.016159921,1,undef,ENSDARG00000116883,undef
ENSDARG00000055027,pomt2,protein-O-mannosyltransferase 2 [Source:ZFIN;Acc:ZDB-GENE-070112-1002],protein_coding,-0.47928546899999996,-3.933263852,0.000545288,0.016197824,-1,ZDB-GENE-070112-1002,ENSDARG00000055027,563878
ENSDARG00000104372,gnb1b,"guanine nucleotide binding protein (G protein), beta polypeptide 1b [Source:ZFIN;Acc:ZDB-GENE-040426-2855]",protein_coding,-0.163048163,-3.9301269889999997,0.000549779,0.016289642,-1,ZDB-GENE-040426-2855,ENSDARG00000104372,406796
ENSDARG00000061365,hepacam2,HEPACAM family member 2 [Source:ZFIN;Acc:ZDB-GENE-060503-135],protein_coding,1.213698205,3.920122656,0.000564346,0.016572546,1,ZDB-GENE-060503-135,ENSDARG00000061365,558612
ENSDARG00000051888,ist1,increased sodium tolerance 1 homolog (yeast) [Source:ZFIN;Acc:ZDB-GENE-030131-179],protein_coding,-0.21716934899999998,-3.914585981,0.000572571,0.016716837,-1,ZDB-GENE-030131-179,ENSDARG00000051888,321460
ENSDARG00000059424,rnf215,ring finger protein 215 [Source:ZFIN;Acc:ZDB-GENE-060526-65],protein_coding,-0.494047886,-3.904935949,0.000587189,0.01697011,-1,ZDB-GENE-060526-65,ENSDARG00000059424,undef
ENSDARG00000017199,elp2,elongator acetyltransferase complex subunit 2 [Source:ZFIN;Acc:ZDB-GENE-060503-525],protein_coding,-0.435661084,-3.895635252,0.000601624,0.017276538,-1,ZDB-GENE-060503-525,ENSDARG00000017199,560338
ENSDARG00000043410,xkr6b,"XK, Kell blood group complex subunit-related family, member 6b [Source:ZFIN;Acc:ZDB-GENE-040724-153]",protein_coding,-0.577060463,-3.8887724689999996,0.000612499,0.017463375,-1,ZDB-GENE-040724-153,ENSDARG00000043410,792104
ENSDARG00000035538,atp6v0a2a,ATPase H+ transporting V0 subunit a2a [Source:ZFIN;Acc:ZDB-GENE-091113-4],protein_coding,-0.276312754,-3.8875411989999997,0.00061447,0.017490583,-1,ZDB-GENE-091113-4,ENSDARG00000035538,561469
ENSDARG00000076632,zdhhc12a,"zinc finger, DHHC-type containing 12a [Source:ZFIN;Acc:ZDB-GENE-081104-40]",protein_coding,-1.088103402,-3.861788377,0.000657162,0.018265054,-1,ZDB-GENE-081104-40,ENSDARG00000076632,100332332
ENSDARG00000101760,znf1016,zinc finger protein 1016 [Source:ZFIN;Acc:ZDB-GENE-110913-76],protein_coding,1.2899703340000002,3.8557550089999997,0.000667578,0.018421833000000002,1,ZDB-GENE-110913-76,ENSDARG00000101760,undef
ENSDARG00000029838,si:dkey-23a13.11,si:dkey-23a13.11 [Source:ZFIN;Acc:ZDB-GENE-160113-14],protein_coding,0.8796263240000001,3.87339869,0.000673587,0.018511643,1,ZDB-GENE-160113-14,ENSDARG00000029838,undef
ENSDARG00000070995,inpp4ab,inositol polyphosphate-4-phosphatase type I Ab [Source:ZFIN;Acc:ZDB-GENE-081104-521],protein_coding,-0.243417395,-3.848137125,0.0006809610000000001,0.018657111,-1,ZDB-GENE-081104-521,ENSDARG00000070995,792527
ENSDARG00000098284,ctxn1,cortexin 1 [Source:ZFIN;Acc:ZDB-GENE-131127-209],protein_coding,-0.531587345,-3.821514537,0.0007298319999999999,0.019460384,-1,ZDB-GENE-131127-209,ENSDARG00000098284,108181225
ENSDARG00000078736,si:dkey-93n13.3,si:dkey-93n13.3 [Source:ZFIN;Acc:ZDB-GENE-091118-107],protein_coding,0.387068725,3.803774054,0.000764292,0.020031721000000002,1,ZDB-GENE-091118-107,ENSDARG00000078736,undef
ENSDARG00000075798,usp38,ubiquitin specific peptidase 38 [Source:ZFIN;Acc:ZDB-GENE-101007-2],protein_coding,-0.281150193,-3.802870747,0.000766089,0.020065181,-1,ZDB-GENE-101007-2,ENSDARG00000075798,563778
ENSDARG00000104836,myom1b,myomesin 1b [Source:ZFIN;Acc:ZDB-GENE-080416-2],protein_coding,0.6379182,3.7829640089999996,0.000806752,0.020712252,1,ZDB-GENE-080416-2,ENSDARG00000104836,100144770
ENSDARG00000101422,hdac12,histone deacetylase 12 [Source:ZFIN;Acc:ZDB-GENE-131121-613],protein_coding,0.922998561,3.7696208280000003,0.000835185,0.021189563999999998,1,ZDB-GENE-131121-613,ENSDARG00000101422,100148903
ENSDARG00000037017,ube4b,"ubiquitination factor E4B, UFD2 homolog (S. cerevisiae) [Source:ZFIN;Acc:ZDB-GENE-020205-1]",protein_coding,-0.169304923,-3.7658021180000003,0.0008435010000000001,0.021318995,-1,ZDB-GENE-020205-1,ENSDARG00000037017,170784
ENSDARG00000043334,ccdc6a,coiled-coil domain containing 6a [Source:ZFIN;Acc:ZDB-GENE-030131-7848],protein_coding,-0.17448651899999998,-3.7654920769999998,0.00084418,0.021332463,-1,ZDB-GENE-030131-7848,ENSDARG00000043334,335905
ENSDARG00000098451,tmem56a,transmembrane protein 56a [Source:ZFIN;Acc:ZDB-GENE-090402-1],protein_coding,-0.303248319,-3.76401344,0.0008474239999999999,0.021390696,-1,ZDB-GENE-090402-1,ENSDARG00000098451,571836
ENSDARG00000070083,atp5f1b,ATP synthase F1 subunit beta [Source:ZFIN;Acc:ZDB-GENE-030131-124],protein_coding,-0.264921867,-3.756328571,0.0008644839999999999,0.021657477999999997,-1,ZDB-GENE-030131-124,ENSDARG00000070083,554135
ENSDARG00000091813,si:dkey-21a6.5,si:dkey-21a6.5 [Source:ZFIN;Acc:ZDB-GENE-131121-257],protein_coding,-0.433266439,-3.755933918,0.000865369,0.021671375,-1,ZDB-GENE-131121-257,ENSDARG00000091813,571530
ENSDARG00000109875,BX248389.1, ,protein_coding,-0.51203978,-3.756095953,0.000874462,0.021821787999999998,-1,undef,ENSDARG00000109875,undef
ENSDARG00000102362,slc25a12,"solute carrier family 25 (aspartate/glutamate carrier), member 12 [Source:ZFIN;Acc:ZDB-GENE-031006-11]",protein_coding,-0.230375382,-3.7476901710000003,0.000884063,0.021941858999999998,-1,ZDB-GENE-031006-11,ENSDARG00000102362,337675
ENSDARG00000063097,scube1,"signal peptide, CUB domain, EGF-like 1 [Source:ZFIN;Acc:ZDB-GENE-050302-78]",protein_coding,0.373927999,3.7455878819999997,0.0008888930000000001,0.022006998,1,ZDB-GENE-050302-78,ENSDARG00000063097,797832
ENSDARG00000091833,sv2,synaptic vesicle glycoprotein 2 [Source:ZFIN;Acc:ZDB-GENE-000607-80],protein_coding,-0.581879375,-3.742549579,0.0008959189999999999,0.022110877,-1,ZDB-GENE-000607-80,ENSDARG00000091833,570651
ENSDARG00000042525,ebf2,early B cell factor 2 [Source:ZFIN;Acc:ZDB-GENE-990715-11],protein_coding,0.357451576,3.7363085639999998,0.000910523,0.022323867999999997,1,ZDB-GENE-990715-11,ENSDARG00000042525,30692
ENSDARG00000110230,CU571168.1, ,protein_coding,0.9087998270000001,3.7346161860000002,0.000914523,0.022372725,1,undef,ENSDARG00000110230,undef
ENSDARG00000013292,tmem179,transmembrane protein 179 [Source:ZFIN;Acc:ZDB-GENE-040808-25],protein_coding,-0.25074202,-3.732502691,0.000919543,0.022447516,-1,ZDB-GENE-040808-25,ENSDARG00000013292,445310
ENSDARG00000089888,daglb,"diacylglycerol lipase, beta [Source:ZFIN;Acc:ZDB-GENE-070619-2]",protein_coding,-0.301471186,-3.718421743,0.0009536810000000001,0.022986486,-1,ZDB-GENE-070619-2,ENSDARG00000089888,565287
ENSDARG00000056165,si:ch211-215a10.4,si:ch211-215a10.4 [Source:ZFIN;Acc:ZDB-GENE-030131-5518],protein_coding,-0.20676133,-3.703667613,0.00099078,0.023551816,-1,ZDB-GENE-030131-5518,ENSDARG00000056165,565228
ENSDARG00000093448,mpc1,mitochondrial pyruvate carrier 1 [Source:ZFIN;Acc:ZDB-GENE-040718-94],protein_coding,-0.324741006,-3.700175349,0.000999766,0.023667741000000003,-1,ZDB-GENE-040718-94,ENSDARG00000093448,436671
ENSDARG00000094074,si:dkey-81h8.1,si:dkey-81h8.1 [Source:ZFIN;Acc:ZDB-GENE-060503-931],protein_coding,-0.491081734,-3.696561155,0.00100915,0.023808566,-1,ZDB-GENE-060503-931,ENSDARG00000094074,100034657
ENSDARG00000115894,zgc:194906,zgc:194906 [Source:ZFIN;Acc:ZDB-GENE-080722-43],protein_coding,1.0804023999999999,3.70690852,0.001009364,0.023811317999999998,1,ZDB-GENE-080722-43,ENSDARG00000115894,100170839
ENSDARG00000042940,nab1a,NGFI-A binding protein 1a (EGR1 binding protein 1) [Source:ZFIN;Acc:ZDB-GENE-050208-574],protein_coding,-0.358596801,-3.691378786,0.001022756,0.02400951,-1,ZDB-GENE-050208-574,ENSDARG00000042940,565795
ENSDARG00000092553,slc25a5,"solute carrier family 25 (mitochondrial carrier; adenine nucleotide translocator), member 5 [Source:ZFIN;Acc:ZDB-GENE-020419-9]",protein_coding,-0.202479803,-3.6877174860000004,0.001032476,0.024152409,-1,ZDB-GENE-020419-9,ENSDARG00000092553,192321
ENSDARG00000020656,prkg1a,"protein kinase, cGMP-dependent, type Ia [Source:ZFIN;Acc:ZDB-GENE-040426-1308]",protein_coding,0.37464132200000005,3.6855673110000002,0.0010382260000000002,0.024256068999999998,1,ZDB-GENE-040426-1308,ENSDARG00000020656,394005
ENSDARG00000014591,ilf2,interleukin enhancer binding factor 2 [Source:ZFIN;Acc:ZDB-GENE-040426-2345],protein_coding,-0.199841978,-3.67166198,0.001076177,0.024782282000000003,-1,ZDB-GENE-040426-2345,ENSDARG00000014591,406517
ENSDARG00000012871,npepl1,aminopeptidase like 1 [Source:ZFIN;Acc:ZDB-GENE-050417-177],protein_coding,-0.18404241100000002,-3.671054663,0.001077866,0.02480445,-1,ZDB-GENE-050417-177,ENSDARG00000012871,550383
ENSDARG00000102212,si:dkey-16p6.1,si:dkey-16p6.1 [Source:ZFIN;Acc:ZDB-GENE-081103-43],protein_coding,0.536376909,3.668824846,0.0010840860000000002,0.024888656000000002,1,ZDB-GENE-081103-43,ENSDARG00000099825,undef
ENSDARG00000069157,tmem135,transmembrane protein 135 [Source:ZFIN;Acc:ZDB-GENE-070424-70],protein_coding,-0.24970057899999998,-3.6619868710000003,0.00110338,0.025144391000000002,-1,ZDB-GENE-070424-70,ENSDARG00000069157,568244
ENSDARG00000090699,nlrb5,"NOD-like receptor family B, member 5 [Source:ZFIN;Acc:ZDB-GENE-081015-5]",protein_coding,-0.846242352,-3.660137836,0.001108654,0.025231782999999997,-1,ZDB-GENE-081015-5,ENSDARG00000090699,undef
ENSDARG00000095170,lrrfip1b,leucine rich repeat (in FLII) interacting protein 1b [Source:ZFIN;Acc:ZDB-GENE-050208-324],protein_coding,0.171757921,3.6589356489999996,0.001112097,0.02527965,1,ZDB-GENE-050208-324,ENSDARG00000095170,100321881
ENSDARG00000061660,CABZ01055347.1, ,protein_coding,-0.319111479,-3.655483171,0.001122042,0.02542562,-1,undef,ENSDARG00000061660,undef
ENSDARG00000044485,sall4,spalt-like transcription factor 4 [Source:ZFIN;Acc:ZDB-GENE-060328-2],protein_coding,0.457614798,3.6553510289999998,0.001122424,0.025429588,1,ZDB-GENE-060328-2,ENSDARG00000044485,572527
ENSDARG00000055383,zgc:66160,zgc:66160 [Source:ZFIN;Acc:ZDB-GENE-030131-5510],protein_coding,0.201513654,3.65321419,0.001128625,0.025525287,1,ZDB-GENE-030131-5510,ENSDARG00000055383,327299
ENSDARG00000076393,tmem65,transmembrane protein 65 [Source:ZFIN;Acc:ZDB-GENE-081022-99],protein_coding,-0.452396662,-3.649400415,0.0011397739999999999,0.025704009,-1,ZDB-GENE-081022-99,ENSDARG00000076393,100005403
ENSDARG00000104901,ostc,oligosaccharyltransferase complex subunit [Source:ZFIN;Acc:ZDB-GENE-040426-1079],protein_coding,-0.36419306100000004,-3.644774669,0.001153443,0.025897995,-1,ZDB-GENE-040426-1079,ENSDARG00000104901,393239
ENSDARG00000062267,kdm3b,lysine (K)-specific demethylase 3B [Source:ZFIN;Acc:ZDB-GENE-101007-4],protein_coding,-0.16478784800000001,-3.643138255,0.0011583160000000002,0.025969396000000002,-1,ZDB-GENE-101007-4,ENSDARG00000062267,326643
ENSDARG00000074170,fbxo4,F-box protein 4 [Source:ZFIN;Acc:ZDB-GENE-081104-415],protein_coding,-0.8891882520000001,-3.64159189,0.00116294,0.026032622999999998,-1,ZDB-GENE-081104-415,ENSDARG00000074170,100319387
ENSDARG00000077691,slc13a5a,"info solute carrier family 13 (sodium-dependent citrate transporter), member 5a [Source:ZFIN;Acc:ZDB-GENE-030131-4628]",protein_coding,-0.45983425,-3.638895598,0.001171045,0.026149649,-1,ZDB-GENE-030131-4628,ENSDARG00000077691,503788
ENSDARG00000089981,rnf146,ring finger protein 146 [Source:ZFIN;Acc:ZDB-GENE-030131-5997],protein_coding,-0.229804793,-3.624952359,0.001213848,0.026737999,-1,ZDB-GENE-030131-5997,ENSDARG00000089981,334065
ENSDARG00000059854,CABZ01041604.1, ,protein_coding,-0.5410009929999999,-3.622116348,0.001222739,0.026861499,-1,undef,ENSDARG00000059854,undef
ENSDARG00000053890,tmem62,transmembrane protein 62 [Source:ZFIN;Acc:ZDB-GENE-040426-1837],protein_coding,-0.29543808899999996,-3.619700269,0.001230363,0.026973895,-1,ZDB-GENE-040426-1837,ENSDARG00000053890,402997
ENSDARG00000094443,znf1036,zinc finger protein 1036 [Source:ZFIN;Acc:ZDB-GENE-110913-155],protein_coding,0.618619962,3.6180801110000003,0.0012355019999999999,0.027032971,1,ZDB-GENE-110913-155,ENSDARG00000094443,undef
ENSDARG00000112961,LO017848.1, ,protein_coding,0.6841373820000001,3.617974125,0.0012358389999999999,0.02703311,1,undef,ENSDARG00000112961,undef
ENSDARG00000111583,LO018550.2, ,protein_coding,0.719334583,3.615855517,0.001242592,0.027132452999999997,1,undef,ENSDARG00000111583,undef
ENSDARG00000105123,zer1,"zyg-11 related, cell cycle regulator [Source:ZFIN;Acc:ZDB-GENE-040426-2307]",protein_coding,-0.324504959,-3.615784482,0.001242819,0.027132872000000002,-1,ZDB-GENE-040426-2307,ENSDARG00000105123,405837
ENSDARG00000007216,abce1,"ATP-binding cassette, sub-family E (OABP), member 1 [Source:ZFIN;Acc:ZDB-GENE-040426-1995]",protein_coding,-0.234916359,-3.61010973,0.001261089,0.027380388,-1,ZDB-GENE-040426-1995,ENSDARG00000007216,406324
ENSDARG00000102566,fam102aa,"family with sequence similarity 102, member Aa [Source:ZFIN;Acc:ZDB-GENE-081104-233]",protein_coding,-0.617144935,-3.609596297,0.001262755,0.02740466,-1,ZDB-GENE-081104-233,ENSDARG00000102566,undef
ENSDARG00000032761,pde4d,"phosphodiesterase 4D, cAMP-specific [Source:ZFIN;Acc:ZDB-GENE-081105-16]",protein_coding,0.29844939600000003,3.6052956419999997,0.001276793,0.027606532000000003,1,ZDB-GENE-081105-16,ENSDARG00000032761,undef
ENSDARG00000062449,xpr1a,xenotropic and polytropic retrovirus receptor 1a [Source:ZFIN;Acc:ZDB-GENE-060503-362],protein_coding,-0.24770094,-3.59686295,0.001304761,0.027994223,-1,ZDB-GENE-060503-362,ENSDARG00000062449,100170805
ENSDARG00000110695,CU138529.2, ,protein_coding,-0.5847838329999999,-3.596156517,0.001321017,0.028229411,-1,undef,ENSDARG00000110695,undef
ENSDARG00000096141,zgc:173624,zgc:173624 [Source:ZFIN;Acc:ZDB-GENE-071004-60],protein_coding,1.03939665,3.59187241,0.001321594,0.028234352999999997,1,ZDB-GENE-071004-60,ENSDARG00000096141,794762
ENSDARG00000079024,rps6kl1,ribosomal protein S6 kinase-like 1 [Source:ZFIN;Acc:ZDB-GENE-111020-10],protein_coding,-0.269871767,-3.588230512,0.001334011,0.028410578,-1,ZDB-GENE-111020-10,ENSDARG00000079024,101886230
ENSDARG00000062269,fan1,FANCD2/FANCI-associated nuclease 1 [Source:ZFIN;Acc:ZDB-GENE-030131-6225],protein_coding,0.313710865,3.5786853410000004,0.001367098,0.028855272999999997,1,ZDB-GENE-030131-6225,ENSDARG00000062269,565458
ENSDARG00000098838,sdr42e1,"short chain dehydrogenase/reductase family 42E, member 1 [Source:ZFIN;Acc:ZDB-GENE-051120-63]",protein_coding,0.856431022,3.570611127,0.0013957079999999998,0.029202405,1,ZDB-GENE-051120-63,ENSDARG00000098838,565964
ENSDARG00000103330,si:ch73-236c18.5,si:ch73-236c18.5 [Source:ZFIN;Acc:ZDB-GENE-121213-7],protein_coding,1.622316268,3.570155601,0.00139734,0.02922657,1,ZDB-GENE-121213-7,ENSDARG00000103330,100334029
ENSDARG00000017086,asb12a,ankyrin repeat and SOCS box-containing 12a [Source:ZFIN;Acc:ZDB-GENE-030131-1647],protein_coding,-0.470126153,-3.569447725,0.001399879,0.029264772999999997,-1,ZDB-GENE-030131-1647,ENSDARG00000017086,322927
ENSDARG00000054578,arl6ip1,ADP-ribosylation factor-like 6 interacting protein 1 [Source:ZFIN;Acc:ZDB-GENE-040426-1087],protein_coding,-0.164043876,-3.567436981,0.001407115,0.029350962,-1,ZDB-GENE-040426-1087,ENSDARG00000054578,394087
ENSDARG00000042887,LO017798.1, ,protein_coding,-0.259136506,-3.5596799630000002,0.001435374,0.029747164,-1,undef,ENSDARG00000042887,undef
ENSDARG00000088861,znf1021,zinc finger protein 1021 [Source:ZFIN;Acc:ZDB-GENE-110913-143],protein_coding,0.8045706029999999,3.559587875,0.001435713,0.029750207999999997,1,ZDB-GENE-110913-143,ENSDARG00000088861,undef
ENSDARG00000044327,tmem185,transmembrane protein 185 [Source:ZFIN;Acc:ZDB-GENE-040426-1167],protein_coding,-0.243717346,-3.5594457580000003,0.001436236,0.029752048,-1,ZDB-GENE-040426-1167,ENSDARG00000044327,393409
ENSDARG00000073771,tbc1d12b,"TBC1 domain family, member 12b [Source:ZFIN;Acc:ZDB-GENE-121214-108]",protein_coding,-0.18066813899999998,-3.559515272,0.00143598,0.029752048,-1,ZDB-GENE-121214-108,ENSDARG00000073771,100332088
ENSDARG00000070447,slc39a9,"solute carrier family 39, member 9 [Source:ZFIN;Acc:ZDB-GENE-060314-3]",protein_coding,-0.22030049,-3.558819065,0.001438544,0.029778700000000005,-1,ZDB-GENE-060314-3,ENSDARG00000070447,541413
ENSDARG00000078448,gpr137ba,G protein-coupled receptor 137Ba [Source:ZFIN;Acc:ZDB-GENE-100721-1],protein_coding,0.30369741899999997,3.556433487,0.001447364,0.029892225,1,ZDB-GENE-100721-1,ENSDARG00000078448,100001171
ENSDARG00000061691,qpctla,glutaminyl-peptide cyclotransferase-like a [Source:ZFIN;Acc:ZDB-GENE-030131-1441],protein_coding,-0.34447849799999997,-3.556176523,0.0014483179999999999,0.029896256,-1,ZDB-GENE-030131-1441,ENSDARG00000061691,561142
ENSDARG00000105295,LO017784.1, ,protein_coding,0.258037874,3.5542073089999997,0.001455643,0.029995993999999998,1,undef,ENSDARG00000105295,undef
ENSDARG00000053062,CR628323.2, ,protein_coding,0.9732367059999999,3.549125998,0.001474711,0.030254269,1,undef,ENSDARG00000053062,undef
ENSDARG00000059337,tgif1,TGFB-induced factor homeobox 1 [Source:ZFIN;Acc:ZDB-GENE-030131-475],protein_coding,0.275096671,3.5433588510000003,0.001496648,0.030545967,1,ZDB-GENE-030131-475,ENSDARG00000059337,321756
ENSDARG00000100037,CU929317.1, ,protein_coding,0.846008641,3.5390730980000003,0.001513156,0.030748129,1,undef,ENSDARG00000100037,undef
ENSDARG00000027547,zgc:92789,zgc:92789 [Source:ZFIN;Acc:ZDB-GENE-040718-280],protein_coding,-0.348606161,-3.525830912,0.001565288,0.031393281,-1,ZDB-GENE-040718-280,ENSDARG00000027547,436818
ENSDARG00000102796,si:ch1073-83b15.1,si:ch1073-83b15.1 [Source:ZFIN;Acc:ZDB-GENE-091204-461],protein_coding,0.930627515,3.525514574,0.001566555,0.031399476,1,ZDB-GENE-091204-461,ENSDARG00000102796,undef
ENSDARG00000012899,ddx49,DEAD (Asp-Glu-Ala-Asp) box polypeptide 49 [Source:ZFIN;Acc:ZDB-GENE-031030-3],protein_coding,0.342724704,3.524193617,0.001571854,0.031470842,1,ZDB-GENE-031030-3,ENSDARG00000012899,386632
ENSDARG00000045273,tmem204,transmembrane protein 204 [Source:ZFIN;Acc:ZDB-GENE-040724-12],protein_coding,0.350466455,3.51458499,0.00161093,0.031953461,1,ZDB-GENE-040724-12,ENSDARG00000045273,751647
ENSDARG00000007477,fbxo8,F-box protein 8 [Source:ZFIN;Acc:ZDB-GENE-060421-7091],protein_coding,-0.245172223,-3.512189455,0.001620819,0.032058697000000004,-1,ZDB-GENE-060421-7091,ENSDARG00000007477,678549
ENSDARG00000024324,arhgap1,Rho GTPase activating protein 1 [Source:ZFIN;Acc:ZDB-GENE-050417-305],protein_coding,-0.139432605,-3.5098104130000003,0.0016306970000000002,0.032155781,-1,ZDB-GENE-050417-305,ENSDARG00000024324,550478
ENSDARG00000102975,nsg2,neuronal vesicle trafficking associated 2 [Source:ZFIN;Acc:ZDB-GENE-030131-3694],protein_coding,0.150549002,3.506870552,0.001642985,0.03232276,1,ZDB-GENE-030131-3694,ENSDARG00000102975,324971
ENSDARG00000014794,uqcrc2a,ubiquinol-cytochrome c reductase core protein 2a [Source:ZFIN;Acc:ZDB-GENE-040718-405],protein_coding,-0.302974935,-3.50626307,0.001645536,0.032360729,-1,ZDB-GENE-040718-405,ENSDARG00000014794,436930
ENSDARG00000024651,snrpa1,small nuclear ribonucleoprotein polypeptide A' [Source:ZFIN;Acc:ZDB-GENE-041114-82],protein_coding,-0.448482129,-3.504373217,0.001653495,0.032464434,-1,ZDB-GENE-041114-82,ENSDARG00000024651,492511
ENSDARG00000009447,atp5mc3b,ATP synthase membrane subunit c locus 3b [Source:ZFIN;Acc:ZDB-GENE-020814-1],protein_coding,-0.339883205,-3.501707923,0.001664783,0.032592715,-1,ZDB-GENE-020814-1,ENSDARG00000009447,81541
ENSDARG00000089075,si:ch73-173p19.1,si:ch73-173p19.1 [Source:ZFIN;Acc:ZDB-GENE-130530-952],protein_coding,-0.254683325,-3.500299543,0.001670778,0.032657425,-1,ZDB-GENE-130530-952,ENSDARG00000089075,100332407
ENSDARG00000100725,ephb4a,eph receptor B4a [Source:ZFIN;Acc:ZDB-GENE-990415-62],protein_coding,-0.216057891,-3.496393385,0.001687515,0.032903324,-1,ZDB-GENE-990415-62,ENSDARG00000100725,30688
ENSDARG00000058729,akirin2,akirin 2 [Source:ZFIN;Acc:ZDB-GENE-040426-2944],protein_coding,-0.329029077,-3.4923462560000003,0.001705028,0.033105359,-1,ZDB-GENE-040426-2944,ENSDARG00000058729,406855
ENSDARG00000110888,CR548632.3, ,protein_coding,4.74545423,3.527146733,0.00170745,0.033128798,1,undef,ENSDARG00000110888,undef
ENSDARG00000078111,ap5z1,"adaptor-related protein complex 5, zeta 1 subunit [Source:ZFIN;Acc:ZDB-GENE-120508-2]",protein_coding,-0.45244675799999995,-3.490998349,0.0017109000000000002,0.033176327,-1,ZDB-GENE-120508-2,ENSDARG00000078111,100537934
ENSDARG00000114639,pid1,phosphotyrosine interaction domain containing 1 [Source:ZFIN;Acc:ZDB-GENE-050320-72],protein_coding,1.49706931,3.496008243,0.0017215120000000001,0.033301559,1,ZDB-GENE-050320-72,ENSDARG00000098984,541377
ENSDARG00000042261,cdan1,codanin 1 [Source:ZFIN;Acc:ZDB-GENE-110411-280],protein_coding,-0.469311199,-3.486688713,0.001729806,0.033397447000000004,-1,ZDB-GENE-110411-280,ENSDARG00000042261,565314
ENSDARG00000003769,tada2b,transcriptional adaptor 2B [Source:ZFIN;Acc:ZDB-GENE-050522-557],protein_coding,0.263464374,3.4828928969999997,0.001746626,0.033607205,1,ZDB-GENE-050522-557,ENSDARG00000003769,554156
ENSDARG00000015474,ppp2r5ea,"protein phosphatase 2, regulatory subunit B', epsilon isoform a [Source:ZFIN;Acc:ZDB-GENE-030904-7]",protein_coding,-0.144742061,-3.4826693389999996,0.001747621,0.033623725,-1,ZDB-GENE-030904-7,ENSDARG00000015474,373881
ENSDARG00000102923,senp6a,SUMO1/sentrin specific peptidase 6a [Source:ZFIN;Acc:ZDB-GENE-080204-25],protein_coding,-0.262162646,-3.469755437,0.001806076,0.034328452,-1,ZDB-GENE-080204-25,ENSDARG00000102923,503939
ENSDARG00000063358,micu1,mitochondrial calcium uptake 1 [Source:ZFIN;Acc:ZDB-GENE-070410-22],protein_coding,-0.261158734,-3.468126587,0.0018135820000000002,0.034443207999999996,-1,ZDB-GENE-070410-22,ENSDARG00000063358,561210
ENSDARG00000042933,bloc1s6,"biogenesis of lysosomal organelles complex-1, subunit 6, pallidin [Source:ZFIN;Acc:ZDB-GENE-070112-1862]",protein_coding,0.257808168,3.461150198,0.0018460770000000002,0.034778928,1,ZDB-GENE-070112-1862,ENSDARG00000042933,791215
ENSDARG00000034823,copg2,"coatomer protein complex, subunit gamma 2 [Source:ZFIN;Acc:ZDB-GENE-000208-8]",protein_coding,-0.161139424,-3.455616315,0.001872253,0.035083519,-1,ZDB-GENE-000208-8,ENSDARG00000034823,30187
ENSDARG00000015540,psen2,presenilin 2 [Source:ZFIN;Acc:ZDB-GENE-000330-9],protein_coding,-0.266519893,-3.453064393,0.0018844460000000001,0.035250069,-1,ZDB-GENE-000330-9,ENSDARG00000015540,58026
ENSDARG00000089637,rnaseh2c,"ribonuclease H2, subunit C [Source:ZFIN;Acc:ZDB-GENE-030131-2469]",protein_coding,0.29258621,3.449944849,0.001899455,0.035416121,1,ZDB-GENE-030131-2469,ENSDARG00000089637,100005387
ENSDARG00000069981,cspg5a,chondroitin sulfate proteoglycan 5a [Source:ZFIN;Acc:ZDB-GENE-080425-4],protein_coding,0.167579593,3.4475605939999996,0.001911004,0.035557111,1,ZDB-GENE-080425-4,ENSDARG00000069981,558206
ENSDARG00000069499,spag1b,sperm associated antigen 1b [Source:ZFIN;Acc:ZDB-GENE-061013-512],protein_coding,0.6186663370000001,3.444119622,0.001927793,0.035788068,1,ZDB-GENE-061013-512,ENSDARG00000069499,768178
ENSDARG00000071566,ppp1cab,"protein phosphatase 1, catalytic subunit, alpha isozyme b [Source:ZFIN;Acc:ZDB-GENE-030131-5512]",protein_coding,-0.24759882,-3.4440850889999997,0.001927962,0.035788501,-1,ZDB-GENE-030131-5512,ENSDARG00000071566,327301
ENSDARG00000009724,rpn2,ribophorin II [Source:ZFIN;Acc:ZDB-GENE-030131-7928],protein_coding,-0.212705098,-3.443105848,0.001932766,0.035840815,-1,ZDB-GENE-030131-7928,ENSDARG00000009724,335985
ENSDARG00000094860,gpr186,G protein-coupled receptor 186 [Source:ZFIN;Acc:ZDB-GENE-060503-489],protein_coding,-0.43123319600000004,-3.441940765,0.0019384970000000002,0.035917094,-1,ZDB-GENE-060503-489,ENSDARG00000094860,796164
ENSDARG00000030786,mpi,mannose phosphate isomerase [Source:ZFIN;Acc:ZDB-GENE-050904-6],protein_coding,-0.271814828,-3.439731562,0.001949409,0.036063854,-1,ZDB-GENE-050904-6,ENSDARG00000030786,613246
ENSDARG00000098441,nars2,"asparaginyl-tRNA synthetase 2, mitochondrial [Source:ZFIN;Acc:ZDB-GENE-060929-596]",protein_coding,-0.36272983,-3.435235868,0.0019718,0.036272966000000004,-1,ZDB-GENE-060929-596,ENSDARG00000098441,561673
ENSDARG00000070148,cygb2,cytoglobin 2 [Source:ZFIN;Acc:ZDB-GENE-060920-1],protein_coding,0.224552776,3.431101623,0.001992611,0.036562595,1,ZDB-GENE-060920-1,ENSDARG00000070148,554176
ENSDARG00000004177,fam169ab,"family with sequence similarity 169, member Ab [Source:ZFIN;Acc:ZDB-GENE-091118-95]",protein_coding,0.417477241,3.4303978839999996,0.001996175,0.036600613,1,ZDB-GENE-091118-95,ENSDARG00000004177,undef
ENSDARG00000038784,faim2a,Fas apoptotic inhibitory molecule 2a [Source:ZFIN;Acc:ZDB-GENE-050320-88],protein_coding,-0.332452677,-3.418452462,0.002057615,0.037273135,-1,ZDB-GENE-050320-88,ENSDARG00000038784,541391
ENSDARG00000087474,ccr6a,chemokine (C-C motif) receptor 6a [Source:ZFIN;Acc:ZDB-GENE-040625-126],protein_coding,-0.780997353,-3.417129553,0.002064531,0.037368069,-1,ZDB-GENE-040625-126,ENSDARG00000087474,558616
ENSDARG00000100797,NPNT (1 of many),nephronectin [Source:HGNC Symbol;Acc:HGNC:27405],protein_coding,0.528184836,3.41676448,0.002066443,0.03739441,1,undef,ENSDARG00000100797,undef
ENSDARG00000087779,pum3,pumilio RNA-binding family member 3 [Source:ZFIN;Acc:ZDB-GENE-030131-9808],protein_coding,0.302605024,3.4125064710000004,0.0020888770000000003,0.037647657,1,ZDB-GENE-030131-9808,ENSDARG00000087779,553068
ENSDARG00000105141,FO704635.1, ,protein_coding,-0.8171835129999999,-3.4103588019999997,0.002100281,0.037747836,-1,undef,ENSDARG00000105141,undef
ENSDARG00000003444,dhrs7,dehydrogenase/reductase (SDR family) member 7 [Source:ZFIN;Acc:ZDB-GENE-060825-21],protein_coding,-0.326979037,-3.4036911639999996,0.002136074,0.038150789,-1,ZDB-GENE-060825-21,ENSDARG00000003444,751626
ENSDARG00000031681,atp6v0b,ATPase H+ transporting V0 subunit b [Source:ZFIN;Acc:ZDB-GENE-030131-443],protein_coding,-0.120953961,-3.4037142030000003,0.002135949,0.038150789,-1,ZDB-GENE-030131-443,ENSDARG00000031681,321724
ENSDARG00000025335,nek10,NIMA-related kinase 10 [Source:ZFIN;Acc:ZDB-GENE-130530-570],protein_coding,0.6151308010000001,3.3975437000000004,0.002169596,0.038504105,1,ZDB-GENE-130530-570,ENSDARG00000025335,100333839
ENSDARG00000099652,xpot,"exportin, tRNA (nuclear export receptor for tRNAs) [Source:ZFIN;Acc:ZDB-GENE-041210-4]",protein_coding,-0.19327509,-3.395952845,0.002178354,0.038574602,-1,ZDB-GENE-041210-4,ENSDARG00000099652,558020
ENSDARG00000074906,znf831,zinc finger protein 831 [Source:ZFIN;Acc:ZDB-GENE-081022-210],protein_coding,0.290212846,3.390472492,0.0022087870000000003,0.038867776,1,ZDB-GENE-081022-210,ENSDARG00000074906,100189616
ENSDARG00000089486,cplx3b,complexin 3b [Source:ZFIN;Acc:ZDB-GENE-091204-403],protein_coding,0.271941198,3.3884388760000004,0.002220184,0.039002879,1,ZDB-GENE-091204-403,ENSDARG00000089486,794623
ENSDARG00000108683,FITM1 (1 of many),"Danio rerio fat storage inducing transmembrane protein 1 (LOC792443), mRNA. [Source:RefSeq mRNA;Acc:NM_001351667]",protein_coding,1.6858748280000002,3.387868558,0.00222339,0.039045231,1,undef,ENSDARG00000108683,undef
ENSDARG00000069888,cldna,claudin a [Source:ZFIN;Acc:ZDB-GENE-010328-1],protein_coding,0.478470499,3.386716178,0.0022298829999999998,0.039111662,1,ZDB-GENE-010328-1,ENSDARG00000069888,81580
ENSDARG00000109407,BX470159.1, ,protein_coding,0.89348036,3.3863677080000003,0.002234652,0.039160119,1,undef,ENSDARG00000109407,undef
ENSDARG00000029474,camk1b,calcium/calmodulin-dependent protein kinase Ib [Source:ZFIN;Acc:ZDB-GENE-141014-1],protein_coding,0.19177359800000002,3.385746002,0.0022353629999999998,0.039160197,1,ZDB-GENE-141014-1,ENSDARG00000029474,794026
ENSDARG00000069763,etv5a,ets variant 5a [Source:ZFIN;Acc:ZDB-GENE-030131-9572],protein_coding,-0.253436171,-3.3847988019999997,0.002240727,0.039201412000000005,-1,ZDB-GENE-030131-9572,ENSDARG00000069763,337626
ENSDARG00000060126,acyp1,"acylphosphatase 1, erythrocyte (common) type [Source:ZFIN;Acc:ZDB-GENE-050309-125]",protein_coding,-0.42984731200000004,-3.3817449739999996,0.002258103,0.039376181,-1,ZDB-GENE-050309-125,ENSDARG00000060126,571263
ENSDARG00000092721,si:ch211-67f24.7,si:ch211-67f24.7 [Source:ZFIN;Acc:ZDB-GENE-090313-129],protein_coding,-0.44221711700000005,-3.380045403,0.00226783,0.039484751,-1,ZDB-GENE-090313-129,ENSDARG00000092721,undef
ENSDARG00000071562,mtus1a,microtubule associated tumor suppressor 1a [Source:ZFIN;Acc:ZDB-GENE-061103-409],protein_coding,0.42894796,3.3744227430000002,0.002300299,0.039832937,1,ZDB-GENE-061103-409,ENSDARG00000071562,563853
ENSDARG00000058848,mcoln1b,mucolipin 1b [Source:ZFIN;Acc:ZDB-GENE-130514-1],protein_coding,-0.316451427,-3.373128289,0.002307837,0.039897142999999996,-1,ZDB-GENE-130514-1,ENSDARG00000058848,795916
ENSDARG00000045666,ANKRD50,ankyrin repeat domain 50 [Source:HGNC Symbol;Acc:HGNC:29223],protein_coding,-0.192560178,-3.3716951710000003,0.002316211,0.039992621,-1,undef,ENSDARG00000045666,undef
ENSDARG00000012247,def6a,differentially expressed in FDCP 6a homolog (mouse) [Source:ZFIN;Acc:ZDB-GENE-040426-1246],protein_coding,0.898227282,3.3715702989999996,0.0023169420000000002,0.039998184,1,ZDB-GENE-040426-1246,ENSDARG00000012247,394015
ENSDARG00000060785,pcnxl4,pecanex-like 4 (Drosophila) [Source:ZFIN;Acc:ZDB-GENE-070209-185],protein_coding,-0.325176568,-3.36707454,0.002343411,0.040287883,-1,ZDB-GENE-070209-185,ENSDARG00000060785,563650
ENSDARG00000087916,tmem240a,transmembrane protein 240a [Source:ZFIN;Acc:ZDB-GENE-090313-306],protein_coding,-0.343614056,-3.3668147860000004,0.002344949,0.040301394,-1,ZDB-GENE-090313-306,ENSDARG00000087916,568378
ENSDARG00000088745,zgc:173915,zgc:173915 [Source:ZFIN;Acc:ZDB-GENE-071004-112],protein_coding,0.858433558,3.3610617389999997,0.002379269,0.040620888,1,ZDB-GENE-071004-112,ENSDARG00000088745,100126122
ENSDARG00000061504,kdm4c,lysine (K)-specific demethylase 4C [Source:ZFIN;Acc:ZDB-GENE-070209-38],protein_coding,-0.207730393,-3.3599035880000003,0.002386236,0.040699048,-1,ZDB-GENE-070209-38,ENSDARG00000061504,570194
ENSDARG00000015174,atp6v0a1b,ATPase H+ transporting V0 subunit a1b [Source:ZFIN;Acc:ZDB-GENE-050522-215],protein_coding,-0.14853107699999998,-3.354241014,0.002420588,0.041036763,-1,ZDB-GENE-050522-215,ENSDARG00000015174,553691
ENSDARG00000076070,dlgap2b,"discs, large (Drosophila) homolog-associated protein 2b [Source:ZFIN;Acc:ZDB-GENE-040724-191]",protein_coding,0.512422533,3.362417297,0.0024235470000000003,0.041075578,1,ZDB-GENE-040724-191,ENSDARG00000076070,undef
ENSDARG00000024785,ctnna2,"catenin (cadherin-associated protein), alpha 2 [Source:ZFIN;Acc:ZDB-GENE-060815-3]",protein_coding,-0.139021443,-3.350247762,0.002445099,0.041307195,-1,ZDB-GENE-060815-3,ENSDARG00000024785,567500
ENSDARG00000029415,mtx2,metaxin 2 [Source:ZFIN;Acc:ZDB-GENE-021210-2],protein_coding,-0.24535721100000002,-3.3459466730000003,0.002471769,0.041591447999999996,-1,ZDB-GENE-021210-2,ENSDARG00000029415,286741
ENSDARG00000053753,mff,mitochondrial fission factor [Source:ZFIN;Acc:ZDB-GENE-040426-1510],protein_coding,-0.21155646600000003,-3.3458141660000003,0.002472595,0.041599409,-1,ZDB-GENE-040426-1510,ENSDARG00000053753,393508
ENSDARG00000076667,ccng1,cyclin G1 [Source:ZFIN;Acc:ZDB-GENE-020322-1],protein_coding,-0.206570141,-3.334734552,0.00254262,0.042301833,-1,ZDB-GENE-020322-1,ENSDARG00000076667,171473
ENSDARG00000078060,syt7b,synaptotagmin VIIb [Source:ZFIN;Acc:ZDB-GENE-090601-6],protein_coding,0.333377194,3.333171943,0.002552649,0.04242266099999999,1,ZDB-GENE-090601-6,ENSDARG00000078060,100334336
ENSDARG00000040741,kcnab1b,"potassium voltage-gated channel, shaker-related subfamily, beta member 1 b [Source:ZFIN;Acc:ZDB-GENE-070912-690]",protein_coding,0.27831115300000003,3.3321963269999997,0.00255893,0.042486755999999994,1,ZDB-GENE-070912-690,ENSDARG00000040741,555922
ENSDARG00000076754,slc9a7,"solute carrier family 9, subfamily A (NHE7, cation proton antiporter 7), member 7 [Source:ZFIN;Acc:ZDB-GENE-050913-8]",protein_coding,-0.25373299899999996,-3.328922187,0.0025801179999999997,0.042682432,-1,ZDB-GENE-050913-8,ENSDARG00000076754,554532
ENSDARG00000109686,si:ch211-59p23.1,si:ch211-59p23.1 [Source:ZFIN;Acc:ZDB-GENE-160113-50],protein_coding,0.295372814,3.3217518389999996,0.002627113,0.043154860999999996,1,ZDB-GENE-160113-50,ENSDARG00000109686,100535402
ENSDARG00000078688,frs3,fibroblast growth factor receptor substrate 3 [Source:ZFIN;Acc:ZDB-GENE-131121-119],protein_coding,0.232658805,3.32103756,0.0026318390000000004,0.043170482,1,ZDB-GENE-131121-119,ENSDARG00000078688,100330147
ENSDARG00000020621,ap1b1,"adaptor-related protein complex 1, beta 1 subunit [Source:ZFIN;Acc:ZDB-GENE-061025-1]",protein_coding,-0.188703915,-3.320486018,0.002635495,0.043203579000000006,-1,ZDB-GENE-061025-1,ENSDARG00000020621,562166
ENSDARG00000039185,nfyba,"nuclear transcription factor Y, beta a [Source:ZFIN;Acc:ZDB-GENE-050417-13]",protein_coding,-0.240635072,-3.31935888,0.00264298,0.043290527,-1,ZDB-GENE-050417-13,ENSDARG00000039185,550227
ENSDARG00000104826,pcdh1gc5,protocadherin 1 gamma c 5 [Source:ZFIN;Acc:ZDB-GENE-041118-16],protein_coding,0.356309879,3.3190360560000003,0.002666587,0.043533290999999995,1,ZDB-GENE-041118-16,ENSDARG00000104826,503571
ENSDARG00000068587,rabggtb,"Rab geranylgeranyltransferase, beta subunit [Source:ZFIN;Acc:ZDB-GENE-040426-2116]",protein_coding,-0.231775578,-3.314700647,0.002674133,0.043634762,-1,ZDB-GENE-040426-2116,ENSDARG00000068587,406386
ENSDARG00000035871,rpl30,ribosomal protein L30 [Source:ZFIN;Acc:ZDB-GENE-030131-8657],protein_coding,-0.282070599,-3.308609588,0.002715403,0.04404795,-1,ZDB-GENE-030131-8657,ENSDARG00000035871,336713
ENSDARG00000019496,esd,esterase D/formylglutathione hydrolase [Source:ZFIN;Acc:ZDB-GENE-050417-328],protein_coding,-0.266553184,-3.304181452,0.002745792,0.04432942,-1,ZDB-GENE-050417-328,ENSDARG00000019496,550494
ENSDARG00000038422,entpd4,ectonucleoside triphosphate diphosphohydrolase 4 [Source:ZFIN;Acc:ZDB-GENE-040718-116],protein_coding,-0.21703023899999999,-3.3007118319999997,0.0027698320000000003,0.044562129000000006,-1,ZDB-GENE-040718-116,ENSDARG00000038422,436692
ENSDARG00000074869,si:ch1073-291c23.2,si:ch1073-291c23.2 [Source:ZFIN;Acc:ZDB-GENE-081107-2],protein_coding,0.242459277,3.300495484,0.002771338,0.044571741,1,ZDB-GENE-081107-2,ENSDARG00000074869,undef
ENSDARG00000113771,GRIK2,glutamate ionotropic receptor kainate type subunit 2 [Source:HGNC Symbol;Acc:HGNC:4580],protein_coding,0.21856463399999998,3.299439516,0.002778698,0.044643300999999996,1,undef,ENSDARG00000113771,undef
ENSDARG00000056672,abcb8,"ATP-binding cassette, sub-family B (MDR/TAP), member 8 [Source:ZFIN;Acc:ZDB-GENE-050410-6]",protein_coding,-0.244669695,-3.298153974,0.0027876840000000003,0.044720293,-1,ZDB-GENE-050410-6,ENSDARG00000056672,548340
ENSDARG00000110690,CR792423.2, ,protein_coding,0.49400834600000004,3.297189033,0.0027944479999999997,0.044787832,1,undef,ENSDARG00000110690,undef
ENSDARG00000007745,uqcrfs1,"ubiquinol-cytochrome c reductase, Rieske iron-sulfur polypeptide 1 [Source:ZFIN;Acc:ZDB-GENE-040426-2060]",protein_coding,-0.172819,-3.2934471039999997,0.002820826,0.045081042,-1,ZDB-GENE-040426-2060,ENSDARG00000007745,406359
ENSDARG00000073757,pdzrn3a,PDZ domain containing RING finger 3a [Source:ZFIN;Acc:ZDB-GENE-090313-307],protein_coding,0.509508153,3.289560401,0.0028527879999999998,0.04541436099999999,1,ZDB-GENE-090313-307,ENSDARG00000073757,undef
ENSDARG00000019897,gpat4,glycerol-3-phosphate acyltransferase 4 [Source:ZFIN;Acc:ZDB-GENE-060421-5102],protein_coding,-0.200100803,-3.28561164,0.002876842,0.045640342,-1,ZDB-GENE-060421-5102,ENSDARG00000019897,678522
ENSDARG00000060257,zranb1a,"zinc finger, RAN-binding domain containing 1a [Source:ZFIN;Acc:ZDB-GENE-100212-3]",protein_coding,-0.32649879800000003,-3.2852333469999997,0.002879574,0.045677688,-1,ZDB-GENE-100212-3,ENSDARG00000060257,334230
ENSDARG00000004680,dnajb6a,"DnaJ (Hsp40) homolog, subfamily B, member 6a [Source:ZFIN;Acc:ZDB-GENE-040718-45]",protein_coding,-0.25121841300000003,-3.284576992,0.002884319,0.045717569000000007,-1,ZDB-GENE-040718-45,ENSDARG00000004680,436626
ENSDARG00000038030,rbx1,"ring-box 1, E3 ubiquitin protein ligase [Source:ZFIN;Acc:ZDB-GENE-041008-106]",protein_coding,-0.29979141600000003,-3.282210848,0.002901487,0.045859345999999995,-1,ZDB-GENE-041008-106,ENSDARG00000038030,449846
ENSDARG00000074262,nck1a,NCK adaptor protein 1a [Source:ZFIN;Acc:ZDB-GENE-070912-547],protein_coding,0.33488951100000003,3.274961603,0.002954702,0.04634221400000001,1,ZDB-GENE-070912-547,ENSDARG00000074262,564584
ENSDARG00000031702,prkg1b,"protein kinase, cGMP-dependent, type Ib [Source:ZFIN;Acc:ZDB-GENE-080225-40]",protein_coding,0.641770316,3.286886424,0.0029917520000000003,0.046708342,1,ZDB-GENE-080225-40,ENSDARG00000031702,566430
ENSDARG00000022599,dnpep,aspartyl aminopeptidase [Source:ZFIN;Acc:ZDB-GENE-040426-852],protein_coding,-0.299446371,-3.269731117,0.0029936809999999998,0.046722879,-1,ZDB-GENE-040426-852,ENSDARG00000022599,393122
ENSDARG00000116748,cdc42l,"cell division cycle 42, like [Source:ZFIN;Acc:ZDB-GENE-030131-6069]",protein_coding,-0.73728471,-3.269507078,0.002995362,0.046731990999999994,-1,ZDB-GENE-030131-6069,ENSDARG00000040158,793158
ENSDARG00000070164,ubr2,ubiquitin protein ligase E3 component n-recognin 2 [Source:ZFIN;Acc:ZDB-GENE-081107-29],protein_coding,-0.18150867699999998,-3.268241957,0.0030048690000000003,0.046814832,-1,ZDB-GENE-081107-29,ENSDARG00000070164,559136
ENSDARG00000061976,sema6bb,"sema domain, transmembrane domain (TM), and cytoplasmic domain, (semaphorin) 6Bb [Source:ZFIN;Acc:ZDB-GENE-081105-129]",protein_coding,-0.279963311,-3.262546023,0.0030480359999999996,0.047244363,-1,ZDB-GENE-081105-129,ENSDARG00000061976,undef
ENSDARG00000032430,ppp2r1bb,"protein phosphatase 2, regulatory subunit A, beta b [Source:ZFIN;Acc:ZDB-GENE-040927-20]",protein_coding,-0.17292625,-3.262464956,0.003048654,0.047244997999999996,-1,ZDB-GENE-040927-20,ENSDARG00000032430,449548
ENSDARG00000025403,ftr83,"finTRIM family, member 83 [Source:ZFIN;Acc:ZDB-GENE-031002-11]",protein_coding,0.30722234800000003,3.262425027,0.0030489590000000004,0.047246737000000004,1,ZDB-GENE-031002-11,ENSDARG00000025403,565972
ENSDARG00000076227,ror2,receptor tyrosine kinase-like orphan receptor 2 [Source:ZFIN;Acc:ZDB-GENE-060427-5],protein_coding,0.788542418,3.2596472569999997,0.003070233,0.047429617,1,ZDB-GENE-060427-5,ENSDARG00000076227,561183
ENSDARG00000115159,BX927368.3, ,protein_coding,-0.325440928,-3.2578705689999996,0.003083915,0.047572087,-1,undef,ENSDARG00000115159,undef
ENSDARG00000030700,ctps1a,CTP synthase 1a [Source:ZFIN;Acc:ZDB-GENE-030131-808],protein_coding,0.292535699,3.2567835410000003,0.003092314,0.047650715,1,ZDB-GENE-030131-808,ENSDARG00000030700,322089
ENSDARG00000023536,nnt,nicotinamide nucleotide transhydrogenase [Source:ZFIN;Acc:ZDB-GENE-040426-2592],protein_coding,-0.111711086,-3.253540301,0.0031175070000000003,0.04787957,-1,ZDB-GENE-040426-2592,ENSDARG00000023536,406619
ENSDARG00000018726,slco3a1,"solute carrier organic anion transporter family, member 3A1 [Source:ZFIN;Acc:ZDB-GENE-030131-8662]",protein_coding,-0.35201197100000003,-3.248554216,0.0031566240000000002,0.048232772,-1,ZDB-GENE-030131-8662,ENSDARG00000018726,569735
ENSDARG00000100529,sh3bp5a,SH3-domain binding protein 5a (BTK-associated) [Source:ZFIN;Acc:ZDB-GENE-111111-2],protein_coding,0.287225575,3.2475552239999996,0.003164518,0.048314275999999996,1,ZDB-GENE-111111-2,ENSDARG00000100529,555222
ENSDARG00000076899,slc2a13b,"solute carrier family 2 (facilitated glucose transporter), member 13b [Source:ZFIN;Acc:ZDB-GENE-090812-1]",protein_coding,0.45565850399999996,3.2449537260000003,0.0031851640000000003,0.048503958,1,ZDB-GENE-090812-1,ENSDARG00000076899,559440
ENSDARG00000098355,atp5pd,ATP synthase peripheral stalk subunit d [Source:ZFIN;Acc:ZDB-GENE-040426-1658],protein_coding,-0.216373918,-3.23910661,0.003232042,0.048955295999999995,-1,ZDB-GENE-040426-1658,ENSDARG00000098355,393675
ENSDARG00000077533,eif3f,"eukaryotic translation initiation factor 3, subunit F [Source:ZFIN;Acc:ZDB-GENE-100215-2]",protein_coding,-0.199765949,-3.236721671,0.003251353,0.049144649000000006,-1,ZDB-GENE-100215-2,ENSDARG00000077533,557270
ENSDARG00000111871,CR352233.2, ,protein_coding,0.46813481100000004,3.239479039,0.0032612059999999996,0.049251800000000005,1,undef,ENSDARG00000111871,undef
ENSDARG00000063684,ppm1h,"protein phosphatase, Mg2+/Mn2+ dependent, 1H [Source:ZFIN;Acc:ZDB-GENE-061027-190]",protein_coding,-0.293464325,-3.234853756,0.003266556,0.049310640999999995,-1,ZDB-GENE-061027-190,ENSDARG00000063684,768291
ENSDARG00000056328,rhot2,ras homolog family member T2 [Source:ZFIN;Acc:ZDB-GENE-051120-96],protein_coding,-0.285636226,-3.2344191319999998,0.003270103,0.049339901,-1,ZDB-GENE-051120-96,ENSDARG00000056328,557574
ENSDARG00000062181,bmt2,base methyltransferase of 25S rRNA 2 homolog [Source:ZFIN;Acc:ZDB-GENE-060825-17],protein_coding,-0.284631593,-3.2301211889999997,0.003305379,0.049637126,-1,ZDB-GENE-060825-17,ENSDARG00000062181,558558
ENSDARG00000070575,fam131bb,"family with sequence similarity 131, member Bb [Source:ZFIN;Acc:ZDB-GENE-100922-12]",protein_coding,0.173371547,3.229485988,0.003310623,0.049688514,1,ZDB-GENE-100922-12,ENSDARG00000070575,556725
ENSDARG00000103984,cyth4b,cytohesin 4b [Source:ZFIN;Acc:ZDB-GENE-080219-45],protein_coding,1.034047698,3.226292778,0.00333711,0.049936355999999994,1,ZDB-GENE-080219-45,ENSDARG00000103984,100141338
ENSDARG00000017255,tmed1b,transmembrane p24 trafficking protein 1b [Source:ZFIN;Acc:ZDB-GENE-070112-1112],protein_coding,-0.63793868,-3.225993201,0.003339605,0.049940202,-1,ZDB-GENE-070112-1112,ENSDARG00000017255,791158
