ncbi_id,gene_name,ensembl_id
795901,treh,ENSDARG00000077911
406428,pdhb,ENSDARG00000021346
406702,pdha1a,ENSDARG00000012387
436672,pdha1b,ENSDARG00000010555
550460,hexa,ENSDARG00000052113
323613,hexb,ENSDARG00000034368
553722,gba3,ENSDARG00000031150
100536353,ganc,ENSDARG00000074556
100148922,,
100002366,gaa,
84039,bco1,ENSDARG00000104256
393580,bco1l,ENSDARG00000103659
550338,alad,ENSDARG00000100372
559020,ptgs2b,ENSDARG00000010276
246226,ptgs1,ENSDARG00000052148
246227,ptgs2a,ENSDARG00000004539
84702,cp,ENSDARG00000010312
394129,hmbsa,ENSDARG00000008840
338290,hmbsb,ENSDARG00000055991
100005551,entpd3,ENSDARG00000035309
445151,entpd1,ENSDARG00000045066
436652,entpd8,ENSDARG00000005565
445069,ntpcr,ENSDARG00000021853
64609,atp1a2a,ENSDARG00000010472
64612,atp1a1a.1,ENSDARG00000002791
64610,atp1a3a,ENSDARG00000018259
64611,atp1a3b,ENSDARG00000104139
64616,atp1a1b,ENSDARG00000019856
100038785,zgc:163069,
337583,atp6v1ab,ENSDARG00000076318
554135,atp5f1b,ENSDARG00000070083
394110,atp6v1aa,ENSDARG00000034534
325704,get3,ENSDARG00000018190
563932,atp10b,ENSDARG00000076230
368385,atp11c,ENSDARG00000036442
571658,atp10d,ENSDARG00000078887
567172,atp10a,ENSDARG00000061039
568160,atp9b,ENSDARG00000062521
100148342,atp8b1,ENSDARG00000060980
562925,atp11a,ENSDARG00000008413
559291,atp8b4,ENSDARG00000079453
100330943,atp8a2,ENSDARG00000077492
559080,cftr,ENSDARG00000041107
405851,spast,ENSDARG00000024933
492790,katnal1,ENSDARG00000099156
553631,katna1,ENSDARG00000021827
564924,atp7a,ENSDARG00000003699
556499,atp7b,ENSDARG00000058145
568265,atp2a2b,ENSDARG00000005122
558525,atp2b3b,ENSDARG00000023445
568671,atp2a3,ENSDARG00000060978
393940,atp2a2a,ENSDARG00000029439
557430,atp2b2,ENSDARG00000063433
562640,si:dkey-28b4.8,ENSDARG00000002840
378746,atp2b1a,ENSDARG00000012684
494489,atp2a1l,ENSDARG00000035458
260440,atp2a1,ENSDARG00000020574
554200,nsfb,ENSDARG00000038991
368483,nsfa,ENSDARG00000007654
560807,adcy6b,ENSDARG00000027797
571825,adcy3a,ENSDARG00000077145
560719,si:dkey-206f10.1,ENSDARG00000032838
568726,adcy7,ENSDARG00000060070
557026,adcy1a,ENSDARG00000069026
100148976,adcy8,ENSDARG00000031783
563724,adcy2a,ENSDARG00000058392
569499,adcy1b,ENSDARG00000088634
557902,adcy2b,ENSDARG00000014588
570652,adcy6a,ENSDARG00000061445
560410,si:ch211-132f19.7,ENSDARG00000043141
562619,adcy5,ENSDARG00000091342
553685,cyb5r4,ENSDARG00000020898
336553,cyb5r1,ENSDARG00000018966
751641,cyb5r2,ENSDARG00000051925
324560,cyb5r3,ENSDARG00000005891
562399,enpp1,ENSDARG00000005789
550370,nudt12,ENSDARG00000100813
550242,nadka,
562771,nadkb,ENSDARG00000060362
404036,nos2a,ENSDARG00000026925
60658,nos1,ENSDARG00000068910
563654,nos2b,ENSDARG00000031976
406619,nnt,ENSDARG00000023536
553575,gsr,ENSDARG00000019236
394170,nme4,ENSDARG00000088390
335716,nme2a,ENSDARG00000043820
58120,nme6,ENSDARG00000016138
30086,nme7,ENSDARG00000056193
30084,nme2b.2,ENSDARG00000099420
30085,nme3,ENSDARG00000100990
30083,nme2b.1,ENSDARG00000103791
406590,ak4,ENSDARG00000006546
415208,zgc:86811,ENSDARG00000035573
321793,ak2,ENSDARG00000005926
445486,ak1,ENSDARG00000001950
504040,ak7b,ENSDARG00000017023
553671,ak8,ENSDARG00000030961
100003595,ak5,ENSDARG00000012555
447838,coasy,ENSDARG00000042747
569989,ca5a,ENSDARG00000101778
387526,ca2,ENSDARG00000014488
550233,ca8,ENSDARG00000039098
555196,ca4a,ENSDARG00000043589
564201,ca7,ENSDARG00000045139
566612,ca9,ENSDARG00000102300
30331,cahz,ENSDARG00000011166
567897,ca14,ENSDARG00000061697
336257,nmnat2,ENSDARG00000004580
572070,si:ch73-170l17.1,ENSDARG00000077034
550322,nmnat1,ENSDARG00000105748
555623,cps1,ENSDARG00000020028
436692,entpd4,ENSDARG00000038422
406558,cant1a,ENSDARG00000012192
556849,entpd5a,ENSDARG00000053481
445201,cant1b,ENSDARG00000102977
550560,entpd6,ENSDARG00000008757
406404,ak3,ENSDARG00000058226
406383,cmpk,ENSDARG00000019924
570478,cmpk2,ENSDARG00000031359
445492,flad1,ENSDARG00000070390
561030,pdxp,ENSDARG00000109823
799638,phospho2,ENSDARG00000102202
564697,pdxkb,ENSDARG00000036546
791775,pdxka,ENSDARG00000088959
323329,mat2aa,ENSDARG00000040334
791612,mat2ab,ENSDARG00000037121
678634,mat2al,ENSDARG00000063665
541347,mat2b,ENSDARG00000012932
334195,mat1a,ENSDARG00000039605
792097,amd1,ENSDARG00000043856
333997,ampd3b,ENSDARG00000032469
571355,ampd2b,ENSDARG00000029952
393867,ampd1,ENSDARG00000033832
556578,ampd3a,ENSDARG00000005800
393906,nt5e,ENSDARG00000071017
321720,nt5c3a,ENSDARG00000058597
557972,nt5c2b,ENSDARG00000058231
324845,nt5c2a,ENSDARG00000039399
561683,nt5c1bb,ENSDARG00000033742
799449,nt5c1ab,ENSDARG00000070590
436595,nudt2,ENSDARG00000058728
368220,adka,ENSDARG00000039429
322229,adkb,ENSDARG00000095947
474325,dck,ENSDARG00000044807
541538,zgc:110540,ENSDARG00000054929
393713,fhit,ENSDARG00000078195
798974,nadsyn1,ENSDARG00000101378
393641,aprt,ENSDARG00000003519
561338,pde11a,ENSDARG00000063732
564465,pde1a,ENSDARG00000060875
394077,pde10a,ENSDARG00000003449
567051,pde3a,ENSDARG00000004227
563432,si:ch211-79e4.4,ENSDARG00000062190
394240,ahcyl2b,ENSDARG00000039343
798918,ahcyl1,ENSDARG00000056331
791167,ahcyl2a,ENSDARG00000051873
387530,ahcy,ENSDARG00000005191
334208,ldhd,ENSDARG00000038845
114551,pklr,ENSDARG00000042010
445094,pkmb,ENSDARG00000099860
335817,pkma,ENSDARG00000099730
324201,dlat,ENSDARG00000015918
445233,me2,ENSDARG00000100718
492719,me3,ENSDARG00000002305
768196,me1,ENSDARG00000053215
100037349,mlycd,ENSDARG00000104732
436914,acss2,ENSDARG00000037781
560020,acss2l,ENSDARG00000069029
541435,acss1,ENSDARG00000044142
445290,acat1,ENSDARG00000045888
30643,acat2,ENSDARG00000007127
557186,,ENSDARG00000099579
373092,glud1b,ENSDARG00000101074
317737,glud1a,ENSDARG00000008816
394133,aldh4a1,ENSDARG00000038207
100000775,glula,ENSDARG00000099776
336473,glulb,ENSDARG00000100003
566165,glulc,ENSDARG00000013227
266992,cad,ENSDARG00000041895
564147,glsa,ENSDARG00000062812
564746,glsb,ENSDARG00000040705
799963,gpt2,ENSDARG00000012199
403086,gpt2l,ENSDARG00000019541
100148522,si:ch211-217a12.1,ENSDARG00000055642
557716,nags,ENSDARG00000077193
550403,gad2,ENSDARG00000015537
378441,gad1b,ENSDARG00000027419
368239,aldh2.2,ENSDARG00000028087
100000026,aldh3a1,ENSDARG00000074791
492710,aldh16a1,ENSDARG00000037935
393462,aldh2.1,ENSDARG00000089924
100005587,aldh9a1a.1,ENSDARG00000069100
323653,aldh3a2a,ENSDARG00000028259
334197,aldh7a1,ENSDARG00000018426
399481,aldh9a1b,ENSDARG00000037061
447920,aldh3a2b,ENSDARG00000029381
386951,idh2,ENSDARG00000003795
100006589,idh1,ENSDARG00000025375
402904,nit2,ENSDARG00000017590
352926,gpx1a,ENSDARG00000018146
552981,gpx7,ENSDARG00000091511
798788,gpx3,ENSDARG00000043342
402868,pnpo,ENSDARG00000017612
116991,ugdh,ENSDARG00000019838
559149,nudt14,ENSDARG00000062335
334420,ugp2b,ENSDARG00000008200
555748,ugp2a,ENSDARG00000005578
678540,gale,ENSDARG00000002401
373082,gys2,ENSDARG00000004904
406791,hk1,ENSDARG00000039452
406339,hk2,ENSDARG00000101482
321224,hkdc1,ENSDARG00000038703
58215,fech,ENSDARG00000003462
571263,acyp1,
393697,guk1b,ENSDARG00000005776
415216,guk1a,ENSDARG00000030340
406525,dnm2b,
100307098,dnm1a,ENSDARG00000010042
559334,dnm2a,ENSDARG00000069937
566871,si:dkey-32e23.4,ENSDARG00000063159
393896,dnm1l,ENSDARG00000015006
406405,mdh2,ENSDARG00000043371
335715,mdh1ab,ENSDARG00000103849
399662,mdh1aa,ENSDARG00000017772
58068,pcxb,ENSDARG00000051939
322339,cs,ENSDARG00000103364
436922,aclya,ENSDARG00000099079
406330,got1,ENSDARG00000039093
406688,got2a,ENSDARG00000041068
335974,got2b,ENSDARG00000005840
337166,si:dkey-40g16.6,ENSDARG00000056804
565385,zgc:172341,ENSDARG00000079664
402994,dao.3,ENSDARG00000035601
405800,dao.2,ENSDARG00000035603
619259,dao.1,ENSDARG00000035602
403338,gnmt,ENSDARG00000006840
436603,agxta,ENSDARG00000052099
619269,agxt2,ENSDARG00000100709
402822,gcat,ENSDARG00000005643
406325,acaa2,ENSDARG00000038881
336606,hadhb,ENSDARG00000102055
431754,acaa1,ENSDARG00000004687
406299,sucla2,ENSDARG00000005359
436850,suclg1,ENSDARG00000052712
317746,suclg2,ENSDARG00000044914
442923,oxct1a,ENSDARG00000013063
560273,oxct1b,ENSDARG00000054319
393857,gne,ENSDARG00000099771
322513,uap1,ENSDARG00000052170
393264,uap1l1,ENSDARG00000013082
557834,itpa,ENSDARG00000057529
64263,gch2,ENSDARG00000099101
378727,pck1,ENSDARG00000013522
406473,pck2,ENSDARG00000020956
557191,gucy1b2,ENSDARG00000056591
560653,npr1a,ENSDARG00000031751
550420,gucy1a1,ENSDARG00000013787
100330875,gucy1a2,ENSDARG00000093185
140425,gc2,ENSDARG00000018329
140424,gucy2f,ENSDARG00000025504
100150304,gucy1b1,ENSDARG00000086790
568219,si:ch73-139e5.4,ENSDARG00000056045
402827,hao1,ENSDARG00000024160
393455,hao2,ENSDARG00000027992
394138,asns,ENSDARG00000016375
100124594,aspg,ENSDARG00000052942
557232,aspa,ENSDARG00000005154
100002145,si:ch73-337l15.2,
100333757,ggt5b,ENSDARG00000078258
569014,ggt1b,ENSDARG00000018342
566746,ggt1l2.2,ENSDARG00000087054
450084,gss,ENSDARG00000037706
768123,b4galt1l,ENSDARG00000104404
550425,b4galt1,
100148828,b4galt2,ENSDARG00000077994
436627,bpnt1,ENSDARG00000043684
641570,bpnt2,ENSDARG00000058114
777719,papss2a,ENSDARG00000071021
80939,papss2b,ENSDARG00000056600
559488,papss1,ENSDARG00000057099
327057,uck2b,ENSDARG00000022213
100005763,uck2a,ENSDARG00000006074
447928,uck1,ENSDARG00000022218
563597,si:ch211-243j20.2,ENSDARG00000033916
558466,uckl1b,ENSDARG00000078973
558758,acp6,ENSDARG00000040064
406801,acp5a,ENSDARG00000019763
436725,acp5b,ENSDARG00000101456
541489,acp1,ENSDARG00000076486
503759,acp2,ENSDARG00000007244
560915,rfk,ENSDARG00000060522
570368,arg1,ENSDARG00000057429
322614,arg2,ENSDARG00000039269
266799,gatm,ENSDARG00000036239
322089,ctps1a,ENSDARG00000030700
606663,psph,ENSDARG00000040314
393778,prdx6,ENSDARG00000043511
30068,cat,ENSDARG00000104702
394103,sardh,ENSDARG00000058102
450054,tpk1,ENSDARG00000038040
100048920,thtpa,ENSDARG00000063049
797715,ogdhb,ENSDARG00000103428
564552,ogdha,ENSDARG00000034270
559207,ogdhl,ENSDARG00000079249
116517,adh5,ENSDARG00000080010
282559,aldh3b1,ENSDARG00000013839
557008,aldh3b2,ENSDARG00000035606
751785,aldh1a3,ENSDARG00000076933
337599,zgc:172121,ENSDARG00000034430
402874,eno2,ENSDARG00000014287
378963,eno3,ENSDARG00000039007
334116,eno1a,ENSDARG00000022456
393668,eno1b,ENSDARG00000013750
572518,oat,ENSDARG00000078425
393970,acy1,ENSDARG00000038475
114426,odc1,ENSDARG00000007377
100008541,tdo2a,ENSDARG00000071429
334082,tdo2b,ENSDARG00000023176
406651,ddc,ENSDARG00000016494
571911,fdft1,ENSDARG00000101062
436747,ldhbb,ENSDARG00000071076
30497,ldhba,ENSDARG00000019644
30496,ldha,ENSDARG00000101251
436647,aldh6a1,ENSDARG00000053485
550579,idh3g,ENSDARG00000023648
393926,idh3a,ENSDARG00000030278
415247,idh3b,ENSDARG00000044753
565235,aldh5a1,ENSDARG00000076544
556229,aass,ENSDARG00000051816
30207,tyr,ENSDARG00000039077
445326,akr1a1a,ENSDARG00000035257
799805,akr1a1b,ENSDARG00000052030
431723,tha1,ENSDARG00000076225
445505,fbp2,ENSDARG00000012366
282672,fbp1b,ENSDARG00000020364
335231,fbp1a,ENSDARG00000021366
556291,gnpda2,ENSDARG00000024443
550565,gnpda1,ENSDARG00000037307
567861,gfpt1,ENSDARG00000057465
322055,cth,ENSDARG00000074301
64608,alas1,ENSDARG00000021059
64607,alas2,ENSDARG00000038643
569581,mut,ENSDARG00000060554
406615,gpd1c,ENSDARG00000036942
325181,gpd1b,ENSDARG00000043180
550404,gpd1a,ENSDARG00000043701
449663,gpd1l,ENSDARG00000040024
100136866,zgc:172295,ENSDARG00000053456
751628,gpd2,ENSDARG00000062430
436958,gpat3,ENSDARG00000016048
558437,gpat2,ENSDARG00000053575
100332911,gpam,ENSDARG00000074169
678522,gpat4,ENSDARG00000019897
567414,agpat9l,ENSDARG00000006491
393393,adprm,ENSDARG00000026090
436909,khk,ENSDARG00000029874
567019,ptpmt1,ENSDARG00000013860
368415,ptenb,ENSDARG00000056623
794088,ptena,ENSDARG00000071018
570613,sord,ENSDARG00000053405
431743,gmppaa,ENSDARG00000024112
393469,gmppab,ENSDARG00000023498
445097,gmppb,ENSDARG00000017658
393461,gmds,ENSDARG00000026629
266987,cbsb,ENSDARG00000010946
550524,cbsa,ENSDARG00000053500
393714,cdo1,ENSDARG00000099389
326857,gclc,ENSDARG00000013095
562854,lap3,ENSDARG00000061981
322533,anpepb,ENSDARG00000103878
555478,si:ch211-106j24.1,ENSDARG00000036809
322660,upb1,ENSDARG00000011521
378968,abat,ENSDARG00000006031
406283,acadm,ENSDARG00000038900
81882,dhfr,ENSDARG00000004251
100333269,aldh1l2,ENSDARG00000070230
406746,fpgs,ENSDARG00000044809
100034522,mthfd1l,ENSDARG00000042221
260441,mthfd1b,ENSDARG00000040492
394021,shmt1,ENSDARG00000052816
100144628,shmt2,ENSDARG00000104414
378847,mtr,ENSDARG00000104906
791130,galt,ENSDARG00000069543
394000,pgm1,ENSDARG00000013561
405822,pgm2,ENSDARG00000018178
393143,umps,ENSDARG00000012215
404623,uprt,ENSDARG00000035549
405829,dpydb,ENSDARG00000010267
100334830,kynu,ENSDARG00000099546
550372,afmid,ENSDARG00000099106
474331,dolpp1,ENSDARG00000036915
751635,alg5,ENSDARG00000061235
445202,dpm1,ENSDARG00000057011
793926,tkfc,ENSDARG00000062085
572335,gnpat,ENSDARG00000074401
560753,tpi1b,ENSDARG00000040988
192309,tpi1a,ENSDARG00000025012
799960,dolk,ENSDARG00000076991
563589,chkb,ENSDARG00000063167
558499,chka,ENSDARG00000041078
100170938,chata,ENSDARG00000015854
100331020,chdh,ENSDARG00000100304
114549,ache,ENSDARG00000031796
553452,akr1b1.2,ENSDARG00000045598
560827,prps1b,ENSDARG00000037506
140620,prps1a,ENSDARG00000015524
415207,rbks,ENSDARG00000019877
406661,nudt9,ENSDARG00000087927
415176,nudt5,ENSDARG00000078073
407673,rpia,ENSDARG00000056640
406367,gapdhs,ENSDARG00000039914
317743,gapdh,ENSDARG00000043457
450077,dera,ENSDARG00000005897
378713,tktb,ENSDARG00000006019
557518,tkta,ENSDARG00000029689
336425,aldoaa,ENSDARG00000011665
792692,aldoca,ENSDARG00000057661
406496,aldoab,ENSDARG00000034470
321664,aldob,ENSDARG00000053684
369193,aldocb,ENSDARG00000019702
572027,ppat,ENSDARG00000004517
337784,hlcs,ENSDARG00000039934
555376,btd,ENSDARG00000099596
393938,fh,ENSDARG00000075132
334431,adsl,ENSDARG00000017049
393423,asl,ENSDARG00000033361
337412,bcat1,ENSDARG00000045568
436949,bcat2,ENSDARG00000054849
449829,galk1,ENSDARG00000028088
450083,gla,ENSDARG00000036155
431739,cmah,ENSDARG00000057714
561018,cmasa,ENSDARG00000057334
492781,mvda,ENSDARG00000099336
553523,trit1,ENSDARG00000032876
553513,idi1,ENSDARG00000019976
140622,atic,ENSDARG00000016706
338306,impdh1b,ENSDARG00000029524
431724,impdh1a,ENSDARG00000042336
317745,impdh2,ENSDARG00000006900
406259,hprt1,ENSDARG00000008884
553639,gmpr,ENSDARG00000016160
678545,gmpr2,ENSDARG00000061301
550502,adss2,ENSDARG00000002071
192305,adssl,ENSDARG00000012399
407989,adss1,ENSDARG00000099517
555401,aoc1,ENSDARG00000061355
431716,sat1a.2,ENSDARG00000095908
436827,sat2b,ENSDARG00000104221
565700,sat1a.1,ENSDARG00000035652
556522,agmat,ENSDARG00000059700
436884,tyw3,ENSDARG00000038222
553534,nsun3,ENSDARG00000013023
791999,mettl6,ENSDARG00000070085
564925,trmt12,ENSDARG00000060338
560620,hemk1,ENSDARG00000078894
100004331,hal,ENSDARG00000017444
445288,acads,ENSDARG00000030781
406421,acox3,ENSDARG00000038865
449662,acox1,ENSDARG00000014727
100002035,acsm3,ENSDARG00000004880
571850,miox,ENSDARG00000002764
437018,impa1,ENSDARG00000003517
553595,impa2,ENSDARG00000059411
100126013,nagk,ENSDARG00000099116
322420,chia.6,ENSDARG00000093193
406338,chia.2,ENSDARG00000099185
337333,chia.4,ENSDARG00000008541
406819,chia.3,ENSDARG00000009612
791728,renbp,ENSDARG00000008931
100004977,mthfd2,ENSDARG00000098646
321621,gldc,
567547,mthfr,ENSDARG00000053087
393559,gmps,ENSDARG00000079848
393845,pde6c,ENSDARG00000100397
553270,pde5ab,ENSDARG00000051915
559332,pde6b,ENSDARG00000011671
564389,pde9al,ENSDARG00000076650
560682,pycr3,ENSDARG00000015236
100149838,pycr1b,ENSDARG00000098639
393799,pycr1a,ENSDARG00000102254
100003675,p4ha1b,ENSDARG00000071082
562774,p4ha1a,ENSDARG00000033537
373132,p4ha2,ENSDARG00000010085
563281,p4ha3,ENSDARG00000103692
100333321,prodha,ENSDARG00000086746
393330,zgc:64002,ENSDARG00000086998
100330160,nampta,ENSDARG00000030598
447878,acot7,ENSDARG00000018653
406648,ppt1,ENSDARG00000039980
405845,ppt2a.4,ENSDARG00000093176
393135,ppt2a.2,ENSDARG00000010782 ENSDARG00000068846
619258,,
100126133,ppt2b,ENSDARG00000104542
393657,ppt2a.1,ENSDARG00000068840
550422,pecr,ENSDARG00000055976
550550,mecr,ENSDARG00000032326
394156,acadl,ENSDARG00000088357
559656,acsl3b,ENSDARG00000014674
100006023,acsbg1,ENSDARG00000062077
445175,acsl1b,ENSDARG00000003854
555308,acsl1a,ENSDARG00000030514
447860,acsl5,ENSDARG00000075931
567157,acsl3a,ENSDARG00000032079
335159,acsbg2,ENSDARG00000004094
334561,acsl4b,ENSDARG00000010752
566863,acsl6,
393622,acsl4a,ENSDARG00000004078
494096,zgc:101540,
553981,sptlc1,ENSDARG00000042995
445168,sptlc3,ENSDARG00000030743
553646,sptlc2a,ENSDARG00000018976
557286,sptlc2b,ENSDARG00000074287
565743,pld2,ENSDARG00000034262
556641,pld1a,ENSDARG00000056228
799278,si:ch211-168k14.2,
572492,pld1b,ENSDARG00000057125
436622,zgc:92162,ENSDARG00000099344
641423,pla2g3,ENSDARG00000008948
402802,pla2g12a,ENSDARG00000070454
559087,pla2g4ab,ENSDARG00000017141
30554,pla2g4aa,ENSDARG00000024546
571738,pla2g1b,ENSDARG00000009153
406739,pla2g12b,ENSDARG00000015662
406370,pla2g6,ENSDARG00000060921
327566,lpcat4,ENSDARG00000035028
553683,lpcat2,ENSDARG00000053010
555969,lpcat1,ENSDARG00000011506
555566,lpcat3,ENSDARG00000075178
570720,cept1b,ENSDARG00000021177
322605,chpt1,ENSDARG00000014572
322670,aco2,ENSDARG00000007294
568448,aco1,ENSDARG00000026376
792824,pgp,ENSDARG00000029695
30354,lpl,ENSDARG00000087697
767657,abhd12,ENSDARG00000071004
799085,abhd6a,ENSDARG00000060756
378960,mgll,ENSDARG00000036820
393984,aacs,ENSDARG00000012468
394190,hmgcl,ENSDARG00000021220
100037356,bdh1,ENSDARG00000059388
550507,bdh2,ENSDARG00000052696 ENSDARG00000052700
322372,fah,ENSDARG00000101762
445287,hpdb,ENSDARG00000044935
394142,hpda,ENSDARG00000018351
751093,mif,ENSDARG00000071336
641488,ugt1a1,ENSDARG00000006220
406731,ugt1ab,ENSDARG00000006220
570913,ugt5g1,ENSDARG00000032862
553952,ugt2a2,ENSDARG00000051940
100006320,ugt2a1,ENSDARG00000051940
792506,ugt2b6,ENSDARG00000091624
192315,uxs1,ENSDARG00000056102
393305,hyi,ENSDARG00000030166
794667,otc,ENSDARG00000062147
393526,mtap,ENSDARG00000037261
406433,dhdh.1,ENSDARG00000028336
449558,dhdh.2,ENSDARG00000019081
378446,dhcr7,ENSDARG00000103226
563363,cyp11a2,ENSDARG00000092696
80374,cyp11a1,ENSDARG00000002347
494102,dhcr24,ENSDARG00000013236
564424,soat1,ENSDARG00000062297
322481,cel.1,ENSDARG00000017490
406713,lipf,ENSDARG00000018529
573994,,
394148,cyp7a1,ENSDARG00000069018
406528,tdh,ENSDARG00000002745
555330,etnk2,ENSDARG00000070213
565971,etnk1,ENSDARG00000019420
562316,kl,ENSDARG00000079862
571441,gusb,ENSDARG00000063126
450068,asah1a,ENSDARG00000037091
550266,acer1,ENSDARG00000010347
100331179,acer2,ENSDARG00000077782
493602,asah2,ENSDARG00000012829
393549,asah1b,ENSDARG00000034817
791197,zgc:158263,ENSDARG00000037267
558496,cerk,ENSDARG00000069169
553944,ugcg,ENSDARG00000058221
796436,lct,ENSDARG00000092404
559072,gba,ENSDARG00000076058
553508,ugt8,ENSDARG00000037455
406696,pgk1,ENSDARG00000054191
321928,phgdh,ENSDARG00000001873
570678,glyctk,ENSDARG00000060120
436903,bpgm,ENSDARG00000070826
323107,pgam1a,ENSDARG00000005423
327165,pgam1b,ENSDARG00000014068
572733,pgam2,ENSDARG00000057571
403070,rgn,ENSDARG00000098645
406762,pgd,ENSDARG00000015343
334897,rpe,ENSDARG00000005251
436919,ada,ENSDARG00000003113
402953,pnp6,ENSDARG00000040942
791647,pnp5a,ENSDARG00000078619
437016,tk2,ENSDARG00000046127
327590,tk1,ENSDARG00000102245
322732,alox12,ENSDARG00000069463
567204,alox5a,ENSDARG00000057273
436646,galm,ENSDARG00000057630
559001,fasn,ENSDARG00000087657
619247,aasdhppt,ENSDARG00000037501
564111,mcat,ENSDARG00000016613
393350,xylb,ENSDARG00000043260
336798,ggps1,ENSDARG00000023627
552997,fdps,ENSDARG00000040890
449945,pgm2l1,ENSDARG00000014704
550332,dctd,ENSDARG00000036990
553701,gda,ENSDARG00000002986
548343,glb1,ENSDARG00000036415
569980,bckdhb,ENSDARG00000014676
554124,bckdha,ENSDARG00000040555
64265,aox5,ENSDARG00000071475
570457,aox6,ENSDARG00000020054
393864,naprt,ENSDARG00000027930
336977,hagh,ENSDARG00000025338
560486,xdh,ENSDARG00000055240
100000859,ehhadh,ENSDARG00000070029
393105,hsd17b4,ENSDARG00000101239
450078,hsd17b10,ENSDARG00000017781
445121,hadh,ENSDARG00000030765
563180,g6pca.2,ENSDARG00000013721
791448,qdprb1,ENSDARG00000037378
563255,zgc:171517,ENSDARG00000090822
566323,qdpra,ENSDARG00000040190
378962,pah,ENSDARG00000020143
394161,cds2,ENSDARG00000035577
100002015,cds1,ENSDARG00000019549
404620,cdipt,ENSDARG00000070686
322780,nansa,ENSDARG00000045620
553795,nanp,ENSDARG00000075143
100148292,npl,ENSDARG00000009390
554136,spra,ENSDARG00000004406
352943,tph1a,ENSDARG00000029432
407712,tph2,ENSDARG00000057239
30384,th,ENSDARG00000030621
368229,pmm2,ENSDARG00000037654
613246,mpi,ENSDARG00000030786
324556,taldo1,ENSDARG00000103369
550398,srd5a2a,ENSDARG00000043587
560717,srd5a3,ENSDARG00000043307
767715,srd5a1,ENSDARG00000020509
64815,hsd17b8,ENSDARG00000001169
373131,hsd3b2,ENSDARG00000019747
553532,hsd3b1,ENSDARG00000069926
393335,hsd17b3,ENSDARG00000023287
393592,cyp2p9,ENSDARG00000022631
797309,cyp2j20,ENSDARG00000094057
387527,cyp4t8,ENSDARG00000004964
100034366,cyp2p8,ENSDARG00000042982
100150054,cyp1b1,ENSDARG00000068934
140634,cyp1a,ENSDARG00000098315
553969,cyp3a65,ENSDARG00000103295
399485,cyp2p10,ENSDARG00000042990
405861,pccb,ENSDARG00000038910
437019,pcca,ENSDARG00000028982
494065,dhodh,ENSDARG00000051889
503707,upp1,ENSDARG00000040869
393113,upp2,ENSDARG00000036833
402979,cdab,ENSDARG00000038199
559958,cdaa,ENSDARG00000111188
30095,ckma,ENSDARG00000035327
799492,ckmt2b,ENSDARG00000039929
140744,ckbb,ENSDARG00000043257
321892,ckmt1,ENSDARG00000016598
796865,gamt,ENSDARG00000070844
550327,pcyt1aa,ENSDARG00000011233
555725,pcyt1bb,ENSDARG00000104207
553770,pcyt1ab,ENSDARG00000004492
100001552,pcyt1ba,ENSDARG00000058162
550282,dcxr,ENSDARG00000079271
394009,srm,ENSDARG00000055760
558088,cpt1aa,ENSDARG00000059770
100005717,cpt2,ENSDARG00000038618
560000,cpt1ab,ENSDARG00000062054
100331840,sphk1,ENSDARG00000100290
368262,dlst,ENSDARG00000014230
557979,aadat,ENSDARG00000011410
553792,fpgt,ENSDARG00000042139
447864,ass1,ENSDARG00000103044
393315,ccbl2,ENSDARG00000101791
368242,kmo,ENSDARG00000009160
100005067,dguok,ENSDARG00000075395
394060,hmgcs1,ENSDARG00000103025
352924,txnrd3,ENSDARG00000100374
100330864,,ENSDARG00000020711
30733,rrm2,ENSDARG00000078069
30740,rrm1,ENSDARG00000014017
405867,crls1,ENSDARG00000038000
445494,pgls,ENSDARG00000021233
569348,h6pd,ENSDARG00000060153
450016,pcyt2,ENSDARG00000043003
553433,pisd,ENSDARG00000052462
393127,pemt,
557632,selenoi,ENSDARG00000060484
554143,gnpnat1,ENSDARG00000039892
402981,amdhd2,ENSDARG00000100376
559054,hmgcra,ENSDARG00000052734
541479,hmgcrb,ENSDARG00000105206
445182,auh,ENSDARG00000042975
567734,dtymk,ENSDARG00000052103
449835,dut,ENSDARG00000106529
81540,tyms,ENSDARG00000042894
436604,uox,ENSDARG00000007024
406539,amy2a,ENSDARG00000013856
393400,zgc:66313,ENSDARG00000030357
567798,agla,ENSDARG00000103811
553655,pygma,ENSDARG00000055518
493916,pygl,
403051,pygb,ENSDARG00000002021
793137,lcat,ENSDARG00000099424
116713,aldh1a2,ENSDARG00000053493
445242,hnmt,ENSDARG00000012796
562149,sdhb,ENSDARG00000075768
393884,sdha,ENSDARG00000016721
404730,mao,ENSDARG00000023712
436893,coq3,ENSDARG00000069857
404232,chst11,ENSDARG00000034375
407076,chst12a,ENSDARG00000028786
565671,si:ch211-236h17.3,ENSDARG00000004018
399692,cyp17a1,ENSDARG00000033566
793249,cyp21a2,ENSDARG00000037550
386661,scd,ENSDARG00000033662
553734,scdb,ENSDARG00000030265
563806,plpp2a,ENSDARG00000002231
335485,plpp2b,ENSDARG00000028896
559124,ppap2d,ENSDARG00000069940
557680,plpp3,ENSDARG00000059933
794598,,ENSDARG00000079790
100150463,dgke,ENSDARG00000104793
553380,dgkza,ENSDARG00000014439
724010,dgkaa,ENSDARG00000060626
567728,,ENSDARG00000062696
406734,agpat3,ENSDARG00000036549
572841,mboat1,ENSDARG00000029356
406554,lclat1,ENSDARG00000103320
570695,mboat2a,ENSDARG00000031845
777624,agpat2,ENSDARG00000101139
406265,agpat4,ENSDARG00000069044
767778,agpat5,ENSDARG00000063187
492477,mvk,ENSDARG00000004130
393096,lipg,ENSDARG00000031044
393997,lipca,ENSDARG00000053476
100148912,aadac,ENSDARG00000063621
325875,dgat1a,ENSDARG00000103503
565316,dgat2,ENSDARG00000018846
799964,ptgesl,ENSDARG00000068415
544666,ptges,ENSDARG00000020136
336492,ptgdsb.1,ENSDARG00000027088
559148,ptgis,ENSDARG00000060094
792041,tbxas1,ENSDARG00000002249
100144569,dpys,ENSDARG00000079543
394052,ftcd,ENSDARG00000007421
402826,si:ch73-71d17.1,ENSDARG00000007366
450000,amt,ENSDARG00000010862
100332843,mthfs,ENSDARG00000104487
64674,mibp,ENSDARG00000101362
386710,mibp2,ENSDARG00000101844
541321,nmrk1,ENSDARG00000037913
449537,hsd17b2,ENSDARG00000045553
327417,hsd17b12a,ENSDARG00000015709
322626,hsd17b12b,ENSDARG00000035872
768185,hsd17b7,ENSDARG00000088140
402842,hsd17b1,ENSDARG00000027469
541429,aoc2,ENSDARG00000014646
436959,blvrb,ENSDARG00000096829
767661,blvra,ENSDARG00000059857
572649,bbox1,ENSDARG00000036135
436989,allc,ENSDARG00000042562
494056,zgc:103559,ENSDARG00000038293
100037312,sgpl1,ENSDARG00000061375
406474,adob,ENSDARG00000053571
436771,hccsa.1,ENSDARG00000028131
58016,hccsb,ENSDARG00000099358
393860,gcdha,ENSDARG00000037057
259189,hgd,ENSDARG00000058005
368213,glo1,ENSDARG00000068978
100332609,,ENSDARG00000116039
565370,comtb,ENSDARG00000025679
30505,dbh,ENSDARG00000069446
556700,smpd1,ENSDARG00000076121
557756,enpp7.1,ENSDARG00000053526
567592,smpd5,ENSDARG00000059811
567548,smpd2a,ENSDARG00000040523
797914,smpd2b,ENSDARG00000052701
568381,smpd3,ENSDARG00000098226
793294,smpd4,ENSDARG00000020730
557817,enpp7.2,ENSDARG00000053525
569930,zgc:153896,ENSDARG00000003977
337696,cbr1l,ENSDARG00000021149
373866,cbr1,ENSDARG00000036587
751596,cryl1,ENSDARG00000003675
541388,dbt,ENSDARG00000101561
492518,haao,ENSDARG00000076487
553401,hadhaa,ENSDARG00000057128
368912,echs1,ENSDARG00000001578
793834,hadhab,ENSDARG00000060594
571967,ido1,ENSDARG00000033594
327453,pfkfb1,ENSDARG00000037140
664696,tigara,ENSDARG00000051749
564852,pfkfb2b,ENSDARG00000002037
393983,pfkfb2a,ENSDARG00000023840
556190,pfkfb4a,ENSDARG00000055540
386663,pfkfb4b,ENSDARG00000029075
393160,tigarb,ENSDARG00000045858
554477,pfkfb3,ENSDARG00000001953
570579,g6pd,ENSDARG00000071065
246095,gpib,ENSDARG00000103826
246094,gpia,ENSDARG00000012987
406278,ggctb,ENSDARG00000005085
560986,pnpla6,ENSDARG00000010773
393722,lypla2,ENSDARG00000053656
503936,pnpla7b,ENSDARG00000040002
334270,agk,ENSDARG00000009837
553804,mcee,ENSDARG00000045428
568096,olah,ENSDARG00000058502
322228,bhmt,ENSDARG00000013430
324900,txndc12,ENSDARG00000038980
100333777,hsd11b1lb,ENSDARG00000110341
80872,sms,ENSDARG00000008155
799528,sqlea,ENSDARG00000079946
30685,aanat2,ENSDARG00000079802
393677,aanat1,ENSDARG00000036567
556744,uroc1,ENSDARG00000070394
556702,yars2,ENSDARG00000077299
368235,yars1,ENSDARG00000035913
393487,pank4,
565059,pank1b,ENSDARG00000010098
394114,kdsr,ENSDARG00000012021
792787,aars2,ENSDARG00000107385
324940,aars1,ENSDARG00000069142
406799,sdr16c5b,ENSDARG00000017794
406575,lta4h,ENSDARG00000006029
100003999,eevs,ENSDARG00000087873
796025,zgc:162544,ENSDARG00000093235
100141344,asmt,ENSDARG00000098249
798364,hibch,ENSDARG00000054867
404731,uros,ENSDARG00000027491
352929,gpx4b,ENSDARG00000076836
352928,gpx4a,ENSDARG00000068478
436754,gstz1,ENSDARG00000027984
30617,urod,ENSDARG00000006818
795400,lss,ENSDARG00000061274
569363,tpo,
321294,cpox,ENSDARG00000062025
664750,ppox,ENSDARG00000102167
393887,wwox,ENSDARG00000007614
402945,dhrs13l1,ENSDARG00000098746
568001,pfkmb,ENSDARG00000060797
560944,pfkpa,ENSDARG00000028000
570106,pfkla,ENSDARG00000060504
447836,pfkma,ENSDARG00000014179
561416,pfkpb,ENSDARG00000012801
100003383,pmvk,ENSDARG00000070798
393753,ppcdc,ENSDARG00000033020
447891,sc5d,ENSDARG00000044642
100006223,si:dkey-266f7.9,ENSDARG00000075958
436600,ebp,ENSDARG00000046098
393912,b4galt6,ENSDARG00000010301
556956,pi4kaa,ENSDARG00000076724
406667,pi4k2a,ENSDARG00000033666
563201,pi4kb,ENSDARG00000040111
564750,pi4k2b,ENSDARG00000013881
548346,pik3c3,ENSDARG00000054829
100330514,pik3c2g,
571356,pik3c2a,ENSDARG00000060841
100036767,plod2,ENSDARG00000011821
556077,plod3,ENSDARG00000076317
777635,plod1a,ENSDARG00000059746
567859,colgalt1b,ENSDARG00000058270
100003546,colgalt2,ENSDARG00000014670
555899,si:ch211-160o17.2,ENSDARG00000002897
100037338,inpp5ka,ENSDARG00000099563
569568,,
641571,inpp5l,ENSDARG00000053878
563343,prune,ENSDARG00000076246
406290,itpk1a,ENSDARG00000013056
100148744,itpk1b,ENSDARG00000070583
563019,itpkb,ENSDARG00000010059
368717,itpka,ENSDARG00000042856
394075,minpp1b,ENSDARG00000045172
337489,plcd1b,ENSDARG00000034080
568288,plce1,ENSDARG00000087921
100001532,plcb3,ENSDARG00000068246
373867,plcg1,ENSDARG00000038442
555443,plcd1a,ENSDARG00000059123
565669,plcd4a,ENSDARG00000057975
561747,plcg2,ENSDARG00000068763
569040,plcd3a,ENSDARG00000052957
555271,tmlhe,ENSDARG00000077547
492549,pip5k1ab,ENSDARG00000024642
449831,pip5k1ba,ENSDARG00000044295
100149843,pip5kl1,ENSDARG00000060946
447840,pip5k1bb,ENSDARG00000006508
798876,pip5k1ca,ENSDARG00000076001
553629,pip5k1aa,ENSDARG00000100396
406736,mgst3a,ENSDARG00000102744
100124622,gsta.2,
324366,gstm.1,ENSDARG00000042533
563972,gstt1a,ENSDARG00000042428
431762,mgst1.2,ENSDARG00000022165
799288,,
406703,gsta.1,ENSDARG00000090228
436833,gstk1,ENSDARG00000056510
79381,gstp1,ENSDARG00000104068
436894,gsto1,ENSDARG00000022183
553169,gstp2,ENSDARG00000103019
723997,mgst2,ENSDARG00000071345
568744,gstm.3,ENSDARG00000088116
571365,gstm.2,ENSDARG00000029473
567275,mgst3b,ENSDARG00000033364
449784,mgst1.1,ENSDARG00000032618
566872,l2hgdh,ENSDARG00000060500
324947,sephs1,ENSDARG00000058292
352933,sephs3,
559537,scly,ENSDARG00000073813
563369,cyp2r1,ENSDARG00000056587
406385,galcb,ENSDARG00000016474
449649,galca,ENSDARG00000037064
393589,rars2,ENSDARG00000032277
337070,rars1,ENSDARG00000054530
561673,nars2,ENSDARG00000098441
568332,nars,ENSDARG00000061100
555187,cars2,ENSDARG00000078546
368284,cars1,ENSDARG00000036164
394188,qars1,ENSDARG00000010316
337230,gars,ENSDARG00000059070
447847,hars,ENSDARG00000003693
100001219,iars2,ENSDARG00000044134
334393,iars1,ENSDARG00000007955
100126021,lars2,ENSDARG00000075337
569778,larsb,ENSDARG00000019280
280647,kars1,ENSDARG00000103799
566565,mars2,ENSDARG00000009218
338183,mars1,ENSDARG00000034396
793097,fars2,ENSDARG00000091247
493608,farsb,ENSDARG00000016864
692329,farsa,ENSDARG00000098825
325494,pars2,ENSDARG00000044404
562037,eprs1,ENSDARG00000060494
445405,sars1,ENSDARG00000008237
394154,sars2,ENSDARG00000102736
449661,tars1,ENSDARG00000013250
393745,wars1,ENSDARG00000104659
503745,wars2,ENSDARG00000011801
100170827,vars2,ENSDARG00000056717
114427,vars1,ENSDARG00000044575
58074,dct,ENSDARG00000006008
791518,hmox1a,ENSDARG00000027529
393839,scp2a,ENSDARG00000012194
399479,dldh,ENSDARG00000008785
100037390,cyp4f3,
402830,ehmt1b,ENSDARG00000026634
560793,kmt2ca,ENSDARG00000079312
560856,kmt2ba,ENSDARG00000062962
564575,setmar,ENSDARG00000074836
445198,suv39h1a,ENSDARG00000026799
567970,setd1ba,ENSDARG00000060847
325395,kmt2e,
768133,ezh2,ENSDARG00000010571
100000709,nsd2,ENSDARG00000026225
563799,ash1l,ENSDARG00000070981
569041,kmt5c,ENSDARG00000075461
751629,kmt5aa,ENSDARG00000105231
335153,setdb2,
569250,ehmt2,ENSDARG00000102325
559945,dot1l,ENSDARG00000061992
571274,setd1bb,ENSDARG00000077244
768131,setdb1b,ENSDARG00000099021
664754,ezh1,ENSDARG00000037894
326906,suv39h1b,ENSDARG00000055753
436729,setd7,ENSDARG00000038858
557048,kmt2a,ENSDARG00000004537
100005761,ehmt1a,ENSDARG00000068157
100006350,whsc1l1,ENSDARG00000062765
572849,kmt5b,ENSDARG00000041081
556535,setd1a,ENSDARG00000060030
556086,nsd1a,ENSDARG00000060016
100004770,kmt5ab,ENSDARG00000104114
566825,kmt2bb,ENSDARG00000060697
556680,mtfmt,ENSDARG00000005448
793735,gal3st1a,ENSDARG00000062711
559850,neu1,ENSDARG00000008832
793046,neu3.4,ENSDARG00000096381
100000684,neu3.5,ENSDARG00000096368
780844,neu3.1,ENSDARG00000096382
445250,neu3.2,ENSDARG00000010047
555206,neu3.3,ENSDARG00000058327
553569,neu4,ENSDARG00000057677
368775,ivd,ENSDARG00000042853
777632,mccc1,ENSDARG00000102538
405863,mccc2,ENSDARG00000017571
58141,gart,
327512,psat1,ENSDARG00000016733
321193,paics,ENSDARG00000033539
561272,ppcs,ENSDARG00000061889
406624,ggh,ENSDARG00000037176
327462,hsd3b7,ENSDARG00000036966
100073330,pts,
386801,agps,ENSDARG00000042821
557166,acmsd,ENSDARG00000062549
564649,osxm,ENSDARG00000098855
560006,inpp4b,ENSDARG00000075201
792527,inpp4ab,ENSDARG00000070995
559403,acaca,ENSDARG00000078512
556236,acacb,ENSDARG00000061994
337236,synj1,ENSDARG00000025011
777716,ocrl,ENSDARG00000078106
563543,inpp5b,ENSDARG00000103683
606579,inpp5e,ENSDARG00000103926
100002302,mri1,ENSDARG00000075754
394033,pafah1b3,ENSDARG00000058047
406470,pla2g7,ENSDARG00000003584
567170,pafah1b2,ENSDARG00000035352
570437,pfas,ENSDARG00000003750
561737,pik3ca,ENSDARG00000075456
394174,pik3cd,ENSDARG00000003250
564261,si:rp71-17i16.5,ENSDARG00000037527
406598,pik3cg,ENSDARG00000017757
100002263,pik3cb,ENSDARG00000075253
574009,alpi.2,ENSDARG00000053774
393982,alpl,ENSDARG00000015546
541539,alpi.1,ENSDARG00000015273
436918,eci2,ENSDARG00000102412
550325,naa40,ENSDARG00000024109
795106,cyp27a1.2,ENSDARG00000069186
565876,si:dkey-91i10.3,ENSDARG00000057262
445281,cyp8b1,ENSDARG00000053068
541416,arsa,ENSDARG00000042270
30659,dnmt3bb.2,ENSDARG00000057830
30430,dnmt1,ENSDARG00000030756
553189,dnmt3ab,ENSDARG00000015566
321084,dnmt3ba,ENSDARG00000052402
317744,dnmt3bb.1,ENSDARG00000036791
553187,dnmt3aa,ENSDARG00000005394
751691,coq6,ENSDARG00000060380
447802,coq5,ENSDARG00000035618
559504,coq7,ENSDARG00000062594
100037331,coq2,ENSDARG00000059510
394135,hibadhb,ENSDARG00000007959
541511,ippk,ENSDARG00000003446
557077,mmab,ENSDARG00000068344
406468,dhdds,ENSDARG00000039851
571144,dars2,ENSDARG00000060861
324025,dars1,ENSDARG00000070043
751732,zgc:153247,ENSDARG00000103099
494054,tm7sf2,ENSDARG00000032816
414331,cyp51,ENSDARG00000042641
494077,tsta3,ENSDARG00000039666
790916,ipmkb,ENSDARG00000029291
337690,pikfyve,ENSDARG00000056112
560360,pip4k2aa,ENSDARG00000003776
373124,pip4k2ca,ENSDARG00000031020
494099,ephx2,ENSDARG00000040255
796410,fut9a,ENSDARG00000016460
570248,galnt2,ENSDARG00000003829
100170813,galnt18a,ENSDARG00000100889
553668,galnt7,ENSDARG00000057303
558716,galnt11,ENSDARG00000063636
559073,galnt1,ENSDARG00000061335
568915,si:ch211-15e22.3,ENSDARG00000040048
567794,galnt17,ENSDARG00000042418
562739,galnt14,ENSDARG00000023448
559373,galnt8b.1,ENSDARG00000045851
559736,galnt12,ENSDARG00000055490
799387,galnt16,ENSDARG00000053190
797549,galnt9,ENSDARG00000006832
337131,c1galt1b,ENSDARG00000055561
557675,c1galt1a,ENSDARG00000055585
555344,si:dkey-202e17.1,ENSDARG00000062278
564336,st6galnac1.1,ENSDARG00000043814
324510,gcnt4a,ENSDARG00000035198
100332076,gcnt3,ENSDARG00000060471
445562,st3gal2,ENSDARG00000112898
504044,st3gal4,ENSDARG00000041006
791759,piga,ENSDARG00000041040
100136853,pigw,ENSDARG00000079244
570443,pigx,ENSDARG00000063559
393361,pigm,ENSDARG00000024277
556797,pign,ENSDARG00000077532
393448,pigb,ENSDARG00000105011
563446,xylt2,ENSDARG00000059557
560951,xylt1,ENSDARG00000061248
445022,b4galt7,ENSDARG00000021899
572324,b3galt6,ENSDARG00000038414
192334,b3gat3,ENSDARG00000001939
548607,b3gat1a,ENSDARG00000040547
445060,b3gat2,ENSDARG00000030733
560826,csgalnact2,ENSDARG00000061400
793671,csgalnact1a,ENSDARG00000040535
558373,extl2,ENSDARG00000063191
493783,extl3,ENSDARG00000026811
324407,chsy1,ENSDARG00000079027
100000654,chpf2,ENSDARG00000059961
100331155,chpfa,ENSDARG00000078392
497279,ext1a,ENSDARG00000103155
497280,ext1b,ENSDARG00000101019
497281,ext1c,
493780,ext2,ENSDARG00000056648
394230,st3gal5,ENSDARG00000037556
793635,b4galnt1b,ENSDARG00000077352
553210,st8sia1,ENSDARG00000098221
407715,st6galnac6,
322609,st6galnac3,ENSDARG00000058473
563594,st6galnac5a,ENSDARG00000039220
751653,st6galnac4,ENSDARG00000100804
387303,gbgt1l4,ENSDARG00000068503
560778,naga,ENSDARG00000099313
566539,dpagt1,ENSDARG00000061061
450072,alg14,ENSDARG00000103093
791470,b3gnt5b,ENSDARG00000004396
336526,b3gnt5a,ENSDARG00000018971
334161,alg1,ENSDARG00000054963
403068,alg2,ENSDARG00000070399
793362,b3gnt2b,ENSDARG00000091902
266797,stt3a,ENSDARG00000104953
556544,si:dkey-199f5.8,ENSDARG00000018853
492760,b4galt4,ENSDARG00000104042
561756,b4galt3,ENSDARG00000062329
567913,mogs,ENSDARG00000060252
100334730,ganab,ENSDARG00000076811
566078,man1a1,ENSDARG00000005652
335538,man1a2,ENSDARG00000041728
562592,man1b1a,ENSDARG00000073792
556237,man1b1b,ENSDARG00000076592
393649,mgat1a,ENSDARG00000012407
558524,mgat1b,ENSDARG00000036065
100333987,man2a2,ENSDARG00000063101
100000478,mgat2,ENSDARG00000052408
570828,mgat3b,ENSDARG00000036619
553676,mgat3a,ENSDARG00000038069
431727,mgat4b,ENSDARG00000004115
563038,mgat4a,ENSDARG00000063330
797512,fut8a,ENSDARG00000015449
445376,st6gal1,ENSDARG00000044514
403116,st6gal2a,ENSDARG00000039335
724006,mgat5,ENSDARG00000071506
559521,b3galt1a,ENSDARG00000079700
571003,b3galt1b,
100331460,,
565422,,ENSDARG00000073723
798349,zgc:194330,ENSDARG00000061432
404633,b3galt2,ENSDARG00000102061
100003996,si:ch73-195i19.3,ENSDARG00000097795
100333524,,ENSDARG00000104926
407614,alg11,ENSDARG00000031202
407659,st3gal3b,ENSDARG00000015252
553725,alg3,ENSDARG00000053155
393598,alg9,ENSDARG00000012840
569494,alg12,ENSDARG00000041199
445327,alg6,ENSDARG00000017617
327601,alg8,ENSDARG00000044627
100331575,alg10,ENSDARG00000053917
327507,tgds,
751742,uraha,ENSDARG00000100719
557735,urad,ENSDARG00000071579
100002812,phospho1,ENSDARG00000008403
554122,pon3.1,ENSDARG00000040290
568655,pon3.2,ENSDARG00000097789
394043,ephx1,ENSDARG00000042854
677660,retsatl,ENSDARG00000034989
325922,retsat,ENSDARG00000018600
777751,zgc:154169,ENSDARG00000070140
553543,cyp46a1.1,ENSDARG00000012137
564475,cyp39a1,ENSDARG00000017982
570455,cyp7b1,ENSDARG00000008858
336673,ch25hl1.1,ENSDARG00000039381
494109,ch25h,ENSDARG00000045190
324079,adi1,ENSDARG00000020448
100004136,ptdss2,ENSDARG00000101018
393931,ptdss1a,ENSDARG00000012588
791915,enpp6,ENSDARG00000040469
100332039,enpp2,ENSDARG00000011257
447941,apip,ENSDARG00000003132
561410,tat,ENSDARG00000069630
447919,aspdh,ENSDARG00000038297
553384,cox10,ENSDARG00000034309
394181,cox15,ENSDARG00000075933
562714,nfs1,ENSDARG00000062237
550369,nsdhl,ENSDARG00000099315
406828,faxdc2,ENSDARG00000023820
406662,msmo1,ENSDARG00000055876
569769,pomt1,ENSDARG00000067670
563878,pomt2,ENSDARG00000055027
724080,b4galt5,ENSDARG00000037815
317738,elovl6,ENSDARG00000004402
664765,lipt2,ENSDARG00000069852
393528,lias,ENSDARG00000022845
334494,lipt1,ENSDARG00000025233
791159,galns,ENSDARG00000051853
566506,gnsa,ENSDARG00000023766
327635,gnsb,ENSDARG00000098296
563020,hpse,ENSDARG00000063634
562573,hpse2,ENSDARG00000078163
559959,ids,ENSDARG00000071699
567720,idua,ENSDARG00000062904
563849,sgsh,ENSDARG00000032087
565246,si:dkey-192p21.6,ENSDARG00000091212
560126,naglu,ENSDARG00000030156
559228,hyal2b,ENSDARG00000062997
100004557,hyal3,ENSDARG00000036818
791189,hyal6,ENSDARG00000038166
567869,hyal2a,ENSDARG00000059931
794381,si:dkey-78a14.4,ENSDARG00000036066
449801,zgc:103601,ENSDARG00000105636
474321,pgm3,ENSDARG00000024654
393123,sepsecs,ENSDARG00000033861
436842,tpmt.1,ENSDARG00000055974
794311,fmo5,ENSDARG00000016357
554105,prdx5,ENSDARG00000055064
541344,prdx1,ENSDARG00000058734
570477,prdx4,ENSDARG00000069013
373079,prdx3,ENSDARG00000032102
553239,lrata,ENSDARG00000037278
553501,lratb,ENSDARG00000096594 ENSDARG00000104660
100004076,rpe65c,ENSDARG00000054420
553653,amacr,ENSDARG00000057435
437022,tyrp1b,ENSDARG00000056151
100333145,tyrp1a,ENSDARG00000029204
556193,sgms2a,ENSDARG00000052520
566563,sgms1,ENSDARG00000029621
557919,adpgk,ENSDARG00000063525
550349,pdss1,ENSDARG00000017910
436624,pdss2,ENSDARG00000012563
567541,gxylt2,ENSDARG00000044191
556315,gxylt1b,ENSDARG00000022550
403029,pofut1,ENSDARG00000008953
777668,pofut2,ENSDARG00000045175
493633,mfng,ENSDARG00000042925
414848,rfng,ENSDARG00000019746
30158,lfng,ENSDARG00000037879
337685,ogt.1,ENSDARG00000105243
652952,ogt.2,ENSDARG00000099455
641495,poglut1,ENSDARG00000053463
799443,b3glcta,ENSDARG00000073917
793471,mocs1,ENSDARG00000078479
100003554,,
100006379,slc4a5,ENSDARG00000104387
568631,slc4a4a,ENSDARG00000013730
566499,slc16a10,ENSDARG00000020984
337675,slc25a12,ENSDARG00000102362
571483,slc18a1,ENSDARG00000078157
553304,slc18a2,ENSDARG00000015110
100073336,folr,ENSDARG00000102442
559308,slc36a1,ENSDARG00000075618
100332592,,ENSDARG00000067567
368923,slc6a22.1,ENSDARG00000000730
492490,slc6a1b,ENSDARG00000039647
561188,zgc:165507,ENSDARG00000098258
368274,slc16a1b,ENSDARG00000068572
394083,slc33a1,ENSDARG00000020085
559347,slc18a3a,ENSDARG00000006356
767760,slc17a5,ENSDARG00000055190
503537,slc29a2,ENSDARG00000001767
101887173,slc29a3,ENSDARG00000077828
563580,slc29a1a,ENSDARG00000101289
100002010,abcc1,ENSDARG00000104719
415189,slc25a11,ENSDARG00000035741
405838,slc13a3,ENSDARG00000069478
100002129,slc1a5,ENSDARG00000099186
368885,slc1a4,ENSDARG00000000551
567420,slc7a10a,ENSDARG00000008100
790938,zgc:158423,ENSDARG00000055791
559627,slc7a1,ENSDARG00000016439
494041,slc7a2,ENSDARG00000037097
492363,slc7a3,ENSDARG00000020645
566537,slc38a2,ENSDARG00000045886
100150665,slc6a14,ENSDARG00000029866
436921,slc38a5b,ENSDARG00000014587
560478,slc25a26,ENSDARG00000058208
57957,slc7a6,ENSDARG00000054423
791156,slc25a15a,ENSDARG00000063539
100321249,slc23a2,ENSDARG00000017365
559435,slc23a1,ENSDARG00000015033
322811,atp6v0d1,ENSDARG00000069090
561117,atp6v0a2b,ENSDARG00000035565
321724,atp6v0b,ENSDARG00000031681
393935,atp6v1d,ENSDARG00000011175
325402,atp6v0cb,ENSDARG00000036577
335025,atp6v1g1,ENSDARG00000022315
192335,atp6v1e1b,ENSDARG00000030694
359839,atp6v1ba,ENSDARG00000013443
450017,atp6v0e1,ENSDARG00000101794
359840,atp6v1b2,ENSDARG00000043465
436799,atp6v1f,ENSDARG00000045543
286779,atp6v1h,ENSDARG00000006370
327067,slc25a4,ENSDARG00000027355
192321,slc25a5,ENSDARG00000092553
566370,slc25a6,ENSDARG00000005853
798575,slc32a1,ENSDARG00000059775
796312,slc5a6b,ENSDARG00000014599
557854,slc19a3a,ENSDARG00000006447
336147,abcc5,ENSDARG00000061233
368620,abcc4,ENSDARG00000058953
556684,slc15a2,ENSDARG00000032010
799259,,
100000685,slc22a5,ENSDARG00000101021
406424,slc22a2,ENSDARG00000030530
558924,abca1a,ENSDARG00000074635
406537,slc13a2,ENSDARG00000053853
503788,slc13a5a,ENSDARG00000077691
795332,slc25a1b,ENSDARG00000076381
563818,slc26a4,ENSDARG00000069431
100005108,slc26a6,ENSDARG00000055835
563896,slc26a3.2,ENSDARG00000003615
557046,slc26a2,ENSDARG00000011618
100004536,slc35a1,ENSDARG00000040180
567544,slc6a8,ENSDARG00000043646
393822,slc22a4,ENSDARG00000005335
393833,slc25a20,ENSDARG00000040401
100007704,slc7a8a,ENSDARG00000075831
100151597,slc7a11,ENSDARG00000071384
557757,slc3a1,ENSDARG00000017165
494042,slc43a2b,ENSDARG00000061120
555778,slc2a1a,ENSDARG00000001437
436916,slc2a3a,ENSDARG00000013295
403024,slc25a19,ENSDARG00000100385
565776,slc6a2,ENSDARG00000016141
80787,slc6a3,ENSDARG00000004219
560358,slc2a11a,ENSDARG00000053961
564815,slc5a9,ENSDARG00000005518
100332610,si:ch1073-100f3.2,ENSDARG00000097890
406465,slc37a4a,ENSDARG00000038106
373140,slc2a8,ENSDARG00000104278
322493,slc2a2,ENSDARG00000056196
393654,slc5a1,ENSDARG00000013871
494047,slc35c1,ENSDARG00000104669
560602,slc2a6,ENSDARG00000058731
100330897,slc2a3b,ENSDARG00000037861
393510,slc2a12,ENSDARG00000036865
798023,slc2a9l2,
405862,slc5a2,ENSDARG00000100919
393339,slc5a12,ENSDARG00000005004
100007379,si:dkeyp-9d4.5,ENSDARG00000074212
568338,slc5a3b,ENSDARG00000077812
494492,slc17a6a,ENSDARG00000001127
563467,slc17a8,ENSDARG00000057728
445054,slc25a55b,ENSDARG00000013749
571044,si:dkey-201c1.2,ENSDARG00000020718
100034467,si:ch211-132b12.1,ENSDARG00000061480
494490,slc6a9,ENSDARG00000018534
494450,slc6a5,ENSDARG00000067964
447923,aqp8a.1,ENSDARG00000045141
566075,slc4a2a,ENSDARG00000028173
568872,slc4a7,ENSDARG00000073952
393312,slc25a27,ENSDARG00000042873
83908,ucp1,ENSDARG00000023151
100009631,slc43a1b,ENSDARG00000037748
559440,slc2a13b,ENSDARG00000076899
492334,slc5a11,ENSDARG00000019932
557884,slc16a8,ENSDARG00000045153
606660,aqp9a,
798983,slc4a10a,ENSDARG00000063133
557494,slc4a8,ENSDARG00000015531
562904,slc9a2,ENSDARG00000058780
565213,slc9a5,ENSDARG00000078560
568314,slc9a3.2,ENSDARG00000036722
494043,slc9a8,ENSDARG00000020699
554532,slc9a7,ENSDARG00000076754
402931,slc35b2,ENSDARG00000007886
393255,slc46a1,ENSDARG00000026149
565599,slc34a1b,ENSDARG00000054658
558346,slc20a2,ENSDARG00000060796
321541,slc20a1b,ENSDARG00000010641
567865,slco4a1,ENSDARG00000075948
570448,si:dkey-88i8.2,ENSDARG00000068296
561627,si:ch211-234h8.7,ENSDARG00000028583
387592,slc13a1,ENSDARG00000045638
641560,slc7a7,ENSDARG00000055226
327138,slc26a11,ENSDARG00000043021
791185,slc26a1,ENSDARG00000029832
100038771,slc13a4,ENSDARG00000059053
556480,slc6a6a,ENSDARG00000012534
562772,slco1c1,ENSDARG00000016749
323737,slc35b4,ENSDARG00000071087
559707,slc35a3a,ENSDARG00000013222
445400,slc35d1a,ENSDARG00000011973
555288,slc35a2,ENSDARG00000058990
326634,slc14a2,ENSDARG00000051914
561445,slc5a5,ENSDARG00000005392
58108,fth1a,ENSDARG00000015551
436651,fthl27,ENSDARG00000031776
447905,entpd2a.1,ENSDARG00000035506
324307,atp6v0a1a,ENSDARG00000020847
449655,atp6v1c1b,ENSDARG00000035880
553767,atpv0e2,ENSDARG00000059057
406342,tcirg1b,ENSDARG00000105142
100003139,tcirg1a,ENSDARG00000016835
368907,atp6v1c1a,ENSDARG00000023967
553691,atp6v0a1b,ENSDARG00000015174
192336,atp6v0ca,ENSDARG00000057853
195824,atp6ap1b,ENSDARG00000037153
561469,atp6v0a2a,ENSDARG00000035538
140519,ATP6,
553755,atp5fa1,ENSDARG00000010149
394151,atp5mc3a,ENSDARG00000017775
336957,atp5f1c,ENSDARG00000045514
393675,atp5pd,ENSDARG00000098355
406301,atp5mc1,ENSDARG00000056008
326977,atp5l,ENSDARG00000011841
767750,atp5meb,ENSDARG00000068940
335191,atp5po,ENSDARG00000001788
406599,atp5pf,ENSDARG00000014313
449787,atp5pb,ENSDARG00000011553
559659,atp5mea,ENSDARG00000078113
402883,atp5mf,ENSDARG00000037867
335709,atp5f1d,ENSDARG00000019404
81541,atp5mc3b,ENSDARG00000009447
798291,atp5f1e,ENSDARG00000095897
140520,ATP8,
436789,nme5,ENSDARG00000041617
321485,taf9,ENSDARG00000077870
566998,pde4d,ENSDARG00000032761
565706,pde4ba,ENSDARG00000032868
572061,pde4a,ENSDARG00000032344
791145,pde8a,ENSDARG00000087941
100151215,pde7a,ENSDARG00000045305
571011,pde8b,ENSDARG00000063706
751668,gck,ENSDARG00000068006
436619,acy3.2,ENSDARG00000005525
558487,eno4,ENSDARG00000070598
327346,mtmr6,ENSDARG00000016794
553687,plpp6,ENSDARG00000043527
445172,phpt1,ENSDARG00000045567
678558,mtmr7a,ENSDARG00000037101
402958,plpp7a,ENSDARG00000103712
333974,gclm,ENSDARG00000018953
796295,dpm2,ENSDARG00000095623
393782,dpm3,ENSDARG00000058650
792268,galk2,ENSDARG00000004059
793609,hdc,ENSDARG00000075454
436981,pde6d,ENSDARG00000074892
554700,pde6gb,ENSDARG00000101984
573723,acadvl,ENSDARG00000016687
566019,acss3,ENSDARG00000032218
100384898,ugt2b3,ENSDARG00000093043
492476,csad,ENSDARG00000026348
101887190,qdprb2,ENSDARG00000086859 ENSDARG00000090118
60640,cyp19a1b,ENSDARG00000098360
30390,cyp19a1a,ENSDARG00000041348
493784,aicda,ENSDARG00000015734
445129,sdhc,ENSDARG00000038608
445500,sdhdb,ENSDARG00000030139
436762,sdhda,ENSDARG00000055712
394130,acad8,ENSDARG00000042658
449822,zgc:101569,ENSDARG00000038876
393293,hsd11b1la,ENSDARG00000071377
334098,hsd11b2,ENSDARG00000001975
556528,rdh5,ENSDARG00000008306
436664,zgc:92040,ENSDARG00000021154
557176,pik3r1,ENSDARG00000038524
404211,pik3r2,ENSDARG00000018060
100000252,pik3r3b,ENSDARG00000034409
406311,pik3r3a,ENSDARG00000103038
325179,inppl1a,ENSDARG00000104222
368433,inppl1b,ENSDARG00000001442
100002875,hmox2a,ENSDARG00000114695
140615,fads2,ENSDARG00000019532
564592,nsd1b,ENSDARG00000060705
394246,pafah1b1a,ENSDARG00000032013
394247,pafah1b1b,ENSDARG00000026595
323723,dnmt3bb.3,ENSDARG00000057863
324052,c1galt1c1,ENSDARG00000036335
325316,pigp,ENSDARG00000038805
436838,pigh,ENSDARG00000038348
323994,pigc,ENSDARG00000009113
321218,pigq,ENSDARG00000038097
553754,st8sia5,ENSDARG00000036584
561172,b3gnt3.4,ENSDARG00000058100
100002020,b3gnt3.2,ENSDARG00000054373
555411,acer3,ENSDARG00000093366
402799,degs2,ENSDARG00000042544
327075,degs1,ENSDARG00000007347
100003745,sgpp1,ENSDARG00000060534
556280,cyp2u1,ENSDARG00000026548
571876,pomgnt1,ENSDARG00000052025
553326,hacd1,ENSDARG00000103744
334121,hacd2,ENSDARG00000014806
798606,tecrl2a,ENSDARG00000089485
326954,tecrb,ENSDARG00000025904
566085,tecra,ENSDARG00000101585
563993,pigo,ENSDARG00000011743
402942,pigf,ENSDARG00000032780
560651,ces3,ENSDARG00000041595
562840,rdh10a,ENSDARG00000058730
393539,dhrs4,ENSDARG00000021135
280648,rdh8a,ENSDARG00000028048
436597,rdh12,ENSDARG00000018069
450050,dhrs3b,ENSDARG00000044803
30381,cyp26a1,ENSDARG00000033999
393509,mboat7,ENSDARG00000033436
561832,lpgat1,ENSDARG00000013542
334217,elovl7a,ENSDARG00000069279
554145,elovl8b,ENSDARG00000057365
393425,elovl5,ENSDARG00000004979
406725,elovl1b,ENSDARG00000103735
335732,elovl4b,ENSDARG00000027495
327274,elovl7b,ENSDARG00000100185
393769,elovl4a,ENSDARG00000006773
678614,elovl2,ENSDARG00000045414
100332355,,
556879,,
100150238,,
100334707,,
100149853,,
796322,slc3a2a,ENSDARG00000036427
567117,slc7a9,ENSDARG00000005894
445049,zgc:92137,ENSDARG00000009443
565523,chst15,ENSDARG00000074527
794255,c3ar1,ENSDARG00000031749
101886380,cdh16,
402829,ubox5,ENSDARG00000058563
559212,gbe1b,ENSDARG00000099524
563548,plpbp,ENSDARG00000060288
563642,sdsl,ENSDARG00000074698
100331665,,
58153,slc40a1,ENSDARG00000000241
449677,cpt1b,ENSDARG00000058285
321871,,
550361,cpt1cb,ENSDARG00000037943
449545,crata,ENSDARG00000040248
447855,cratb,ENSDARG00000098782
404618,adhfe1,ENSDARG00000053518
100534896,pgs1,ENSDARG00000075857
550432,slc27a4,ENSDARG00000017047
566675,suox,ENSDARG00000091574
393187,dmac2l,ENSDARG00000012072
402961,ppa2,ENSDARG00000009685
393706,ppa1a,ENSDARG00000099933
550531,ppa1b,ENSDARG00000030441
100073345,lhpp,ENSDARG00000060196
447859,etfdh,ENSDARG00000038834
406271,etfb,ENSDARG00000009250
325724,etfa,ENSDARG00000101631
326975,cox4i1,ENSDARG00000032970
100002384,cox5b1,ENSDARG00000113254
751638,cox5b2,ENSDARG00000068738
335774,cox6a1,ENSDARG00000022438
447942,cox6a2,ENSDARG00000054588
436968,cox6b1,ENSDARG00000045230
494577,cox6c,ENSDARG00000038577
554103,cox7a2a,ENSDARG00000053217
100535363,cox7a2b,ENSDARG00000110700
563476,cox7b,ENSDARG00000115557
336118,cox7c,ENSDARG00000104537
557348,cox8a,ENSDARG00000095273
564379,cyc1,ENSDARG00000038075
140512,CYTB,
554154,uqcrb,ENSDARG00000011146
393793,uqcrc1,ENSDARG00000052304
322549,uqcrc2b,ENSDARG00000071691
406359,uqcrfs1,ENSDARG00000007745
566723,uqcrh,ENSDARG00000059128
554101,cox5aa,ENSDARG00000088383
326962,cox5ab,ENSDARG00000099663
100333135,si:ch1073-325m22.2,ENSDARG00000095921
436768,uqcrq,ENSDARG00000029064
100333064,uqcr10,ENSDARG00000104517
140531,ND1,
140532,ND2,
140533,ND3,
140534,ND4,
140538,ND4L,
140535,ND5,
140536,ND6,
554125,ndufa2,ENSDARG00000021984
445122,ndufa3,ENSDARG00000041400
406298,ndufa4,ENSDARG00000056108
541328,ndufa5,ENSDARG00000039346
393943,ndufa6,ENSDARG00000038028
445042,ndufa7,ENSDARG00000036684
393700,ndufa8,ENSDARG00000058041
541331,ndufa9a,ENSDARG00000070723
321951,ndufa10,ENSDARG00000013333
573619,ndufab1a,ENSDARG00000058463
325712,ndufab1b,ENSDARG00000014915
393764,ndufb2,ENSDARG00000045490
100332034,ndufb3,ENSDARG00000075709
406306,ndufb4,ENSDARG00000019332
797063,ndufb5,ENSDARG00000070824
393781,ndufb6,ENSDARG00000037259
393821,ndufb7,ENSDARG00000033789
393829,ndufb8,ENSDARG00000010113
573021,ndufb9,ENSDARG00000041314
393703,ndufb10,ENSDARG00000028889
100000992,si:ch211-235e9.6,ENSDARG00000103101
541390,ndufc2,ENSDARG00000102115
493605,ndufs1,ENSDARG00000028546
553672,ndufs2,ENSDARG00000007526
550451,ndufs3,ENSDARG00000015385
445291,ndufv1,ENSDARG00000036438
573689,ndufs4,ENSDARG00000052840
553660,ndufs5,ENSDARG00000006290
447913,ndufs6,ENSDARG00000056583
406413,ndufs8a,ENSDARG00000051986
554100,ndufs8b,ENSDARG00000057055
393720,ndufv2,ENSDARG00000013044
100537318,ndufv3,
553582,tusc3,ENSDARG00000078854
393687,ndufa13,
562219,ndufb11,ENSDARG00000043467
556538,ndufa12,ENSDARG00000042469
393497,ndufa11,ENSDARG00000042777
796997,ndufs7,ENSDARG00000074552
767664,cox7a1,ENSDARG00000069464
140539,COX1,
140540,COX2,
140541,COX3,
393776,cox4i2,ENSDARG00000022509
393478,cox6b2,ENSDARG00000037860
335799,sod2,ENSDARG00000042644
393213,gde1,ENSDARG00000055108
100537991,prodhb,
393688,slc25a3a,ENSDARG00000027424
322362,slc25a3b,ENSDARG00000025566
259251,cers2a,ENSDARG00000013704
323020,cers5,ENSDARG00000002365
564867,cers6,ENSDARG00000053583
568169,cers1,ENSDARG00000063412
387290,smox,ENSDARG00000036967
564675,paox1,ENSDARG00000043403
550494,esd,ENSDARG00000019496
555812,ucp2,ENSDARG00000043154
393133,slc25a14,ENSDARG00000026680
552960,cybrd1,ENSDARG00000095577
795592,cyb5d1,ENSDARG00000056007
558601,pipox,ENSDARG00000055591
449769,glrx,ENSDARG00000028106
436677,glrx2,ENSDARG00000100944
101886595,b3galt4,
100001225,st6galnac2,
561542,si:dkey-23o4.6,ENSDARG00000034577
751745,zgc:153441,ENSDARG00000054797
407663,si:ch211-107o10.3,ENSDARG00000008491
100148642,pigv,ENSDARG00000101952
100330155,cers4b,ENSDARG00000018619
